Ubc6214f7ecb3ed6c772b7673f7625fe0,2
Ub84628affe096bedc98b4ab5683f9c49,2
Uea8300e0fe076f71d28ec4853bae878d,2
U2d21976dc6de0c2bba4a8df4dd2fcdbd,2
Ubf9079d2d84d59aca6359512e4c88459,2
U507171bbe56e0ac958a59f6aefe85cbd,2
U7145ff8b6259013f594faf4d542629b3,2
Ub7192be9ef7b5afe72845df108ef65a2,2
U446ee62b9e4f3742f9811da7b2245bb9,2
Uc702d6a82528eec883faed206374f95f,2
U9c21bc686f04d837aa62d9fd974f155b,2
U5a6f5de1d5fb5d7f5400dccc1847ef65,2
Ue17cb616389d1bc1adc3290f8b76a9b0,2
Ubfce42060163e025a86959ad126e073c,2
Ud09324f89b5489992fd379ab6fc68685,2
U96998faed6efe016de466e1ac0b9a578,2
Uef3407b3bb4bf1fc67f0602837ecf328,2
U724e2746781e86577e681a68579d77d3,2
Uda722b72f55e0af5ca0b50fabb2e032c,2
U685732ed3923d8089480bd7e4b5ddacc,2
U7ec7ea771a476320e62422150aaa4953,2
U6a15b0d50c75ea9752c6c7ac7663ba64,2
U96ff68d8ef043c13c09435654025e79a,2
U8b07c6d3ba0bd504fde86e0f41295363,2
Ub37a3a313d153816f268b19e4abe3121,2
Uea125897db4d15dc3ad801da98590dd4,2
U4acf3fe314acfd8a48a430b21084b21d,2
Ud07142127e9df4222505d8e48ccaa3ba,2
U46669b9dec33213853a94a0c1259d1a2,2
U36f4fb360766d24592517fdc06a9dc51,2
U5c3799762bb209e1c58132088400c52b,2
Uddaf89061b8460c102c50e4c0bebf7f4,2
Ubcfe59b182592d211cfac5dce33be864,2
U8b8f08ad13be5c22a3bbf92e25192820,2
Ufdf916ce028bc33d0791d667b6773617,2
U44a88d0591e14c1a0809733a1a8ab37c,2
U5329984f8cbf470100b81532bfb42b6b,2
U111ebe5016c5ba77bda3eb57aa83c65e,2
U503a0cfa3aaaecb8f260e09f76aafa55,2
Ud47244022133ca7ff9f74050ced51d79,2
U9f0ceb3c0cd814d981dc427db1b00f41,2
U0e075fe54b9b7469dc24ac1f2256bb66,2
Ud8d2f3fd192e29b8c95a81dfa4969ad3,2
U96d04ba1a3c978f9d5036e11fe87e295,2
U5952053cfb1441c7d48f1266929bf3d2,2
U1e3aaa4bcd91cc6a1c656d27637c3814,2
U3d49091bc525be8698dd9d2639f6004b,2
Ua49009d124e6572138b53df476720d96,2
Ua9d78df1d3483743a37da022789d0915,2
U2228dc1cf7cd2478bfdc96d39d24ed08,2
U7a102a02953dc0167cb09debe7da97b2,2
U1a894f283f131be71b8a630ed6be80b5,2
U477caf076d6e4c30d316db4d3aac96ff,2
U10b659f4e21c83b46d351b80f6129638,2
Uc5a4dcd8e0cfca0478846bdbda1809ca,2
U5bc62eca2a70f2bcc741a8e90c9758cb,2
U62a55cadf1530300fcd71eafd8c95b31,2
Ud60c17fce494d9ada26a839d0f6043ee,2
U3e2aedb0b70d38842d606293f7dd10fb,2
Uc2fcecf362fab0e5f6407a5e6485e30b,2
U693af23d04a6a2d5d5434529a919a225,2
Uf463f9f4e96c4917ec5fc2b617dacc43,2
U9cd1a094faeeeb54362a209abeb556c6,2
Uf3c1d27daec0d74aec8ed9c17cd824a1,2
Ufc099d7c773d8f88cc96df3a37351aa0,2
Ube29ee19c30fc1958717e654e532a35c,2
Ue02afbad32f3e615566c15400473cec3,2
U078151d09a8324712b0a281ae358efd5,2
U53b498be40a4ad2ecdbd77ce5e72d3c7,2
U05a208521b4b10c634893c9748eb3431,2
U3d0eb8fe3e2a07f2fce4e46e1fa7f170,2
Ua824c3b0108979802a1eb07b7b77985e,2
U2546abdf904f6b472473c3aa49561b91,2
Uc6e9c3ce4e488cc264b1f123c11d2b57,2
U2f14d6fe94ea61c0705351be9182fe64,2
U1e65c7a11cb07078d522dec07980de3c,2
Uea34b92f43325078753deeeba43466d7,2
U8fafa27b0ac6f898c87b2ef4abbd8a89,2
Ueaf35af716735f4f29052c565defa9c5,2
Uddce5ba4f332123d8298b755d65e4af9,2
U17175e96be45f490414a78693ce54af1,2
U32f045823e1d9e91ed120373dad602e9,2
Ub9a6039c16094b070037c2586ebdace0,2
Uf89ee065d8a2d94ca7dba3d08c37ed83,2
U901bfc97aed91e8352f1dc601e530e75,2
U08f0c9f5c75258de93fd9fbf06bf86eb,2
U07102a20063be6b4ae8c44afb8fabc56,2
Ud0351b685adc3b55520b40c4b5076293,2
U83ad490fc1ae01bf47be3f9b9d3f33f8,2
U080d76bf68dd38716628e6d3ad3c8c06,2
U2883eac495c29141dc25fbf63f59f604,2
Ua4605d5a2e844bce530ab1c8b27e8562,2
U48a2aa38e73ed0a58fd3ee44f32c2956,2
U87f2931107b7b2e3bcdae90b380511f8,2
U0ce9a4ec1ed5b61e003e1ab7d58c1ada,2
Uf8a340b6ea95b2c6c91f9ea552956fa9,2
Ud445ec4384416ad0d50d7c53bd025df5,2
Ua59fb04b087ba21f736d0a1d7202e868,2
Uf023ba29570e43a25b42028ff314fd7a,2
U7e5427dbf65d1b2ffc88f1e4f30c9c2a,2
U617ec47c789ee2002efbc4ec8932f842,2
U7a6b65e5f051a682f764eb05939a4657,2
U446f7f58318d58276c6289f52994ca2a,2
U73e9bc28dd7139a0ae83345bf683050c,2
Ue482d6f2bf8fe0504e90e3d8dac26b1d,2
Ucb1651b6d57055b548b4e4ba88722468,2
U8a096c3c61d921b112a33a9008903dc8,2
U97baf4fa1be39e1fbb5842b92832ad6a,2
U5438e5e317b677eb1062813048291e00,2
U0b6775848af709c0fea3fac4b487250d,2
Ud6767ba975011d720f4ac3416262bfb3,2
U19114c60464cecf8adb8d5db969776e6,2
U8163ec1412ce682f89bb7181653bb8d3,2
U861c8332f62eb00c1d6914662cc7e181,2
Ud73b5bbcbf7bb0f824b8e08bafb58267,2
Uc9f2bcc40bf9b1ac0e9e7ecaca984f76,2
Udb0bb38f6e90c0ec79d2712eae429040,2
U6b72a937ddfc5531dd1fac2b33e2ff8d,2
U0c3089f7238614951e8d5f678b8af92c,2
Ubd41e3230b2f366dbe53c2387a0bf9c6,2
U5520a0cf4d04708b8fab739e3ac272d6,2
Ufb2e2149cb2e326f3f242d621525469f,2
Ud792d8d6f4177052609e47cc4dc0972b,2
Uface773c57124b3b250b7003cc09fcd9,2
Ua315ce2e189b9e1d52c8de38dd11dbb9,2
Uc53946c79fe191ac3d2e1e1919821c34,2
U9020504b0c3ec1ba19445485815ea074,2
Ue615b00b2217d6c3998c120d788787c8,2
Uba2fd216155196246df9e590f44426af,2
U111b6202e4839aabe5a45129aec5fdcb,2
U734423d42621d8f677434102cc2a05c1,2
U8fa73c8c92e391d996f725124a421226,2
U12cb7ad4364f54f7555fa5ef3c7577bd,2
U0b791a8b5c4218c6f79505b1841d78a5,2
Uee3032429e2289b8fa66e3464662c774,2
U2e08dcc3667e18a52aab54b797dadbbe,2
U42510cfe745a8cb9242a58cf248e1b0c,2
Ua5e7f59ba1e518f0ce87d02e780e7ad9,2
U51b830098af3769d8a6af53c66e1ed19,2
Ue5ba025b9a30196b5a28e0b23bb24217,2
U81c86ccb718a2f3be0cd39b7e77a811b,2
U22fc181caddecf2e5e243a8d950d3689,2
Uc6fba08ab3a7370f0c148f70b1f4c302,2
U8789eb2a6db6acb33368cff5128af32c,2
Ue2691b6fa04a94062a30b52aa7d1053f,2
U6fb628e07adfeeef683f14b22ea84acd,2
U0b681b3ff294bb2f54383f39373690f5,2
Ub9d87422f9567d3693efc9607665c446,2
U1ae9c29ba18012c170383116621dd98a,2
Ubfbc36cb09c1be8b27efeaa5d6879ce0,2
Ub030f3461c49d63fc1c1a0b467bd6abb,2
U97d95e507930725357c93ede3c47791c,2
U87cc79328f5a4eccd923cbb9a24e94fd,2
U194a818ca86f8c953bbb65225648c07d,2
U6209392f0ecd3f63fea1fd4b6136b8d3,2
U8978dd0e042ffd60907db489df565503,2
U0149e17aacd948273e17c6e2a0ba3595,2
U7792b82d45cac4e4df0668b817b97f03,2
U0bbe9e50ce73198f44d04142cf5f62b1,2
Ue75b627bb174f818b511756135db3b43,2
Uabe9734c69986261b67aeb8d2034847d,2
U8c12090f92a64c958026bf3f9b6ca274,2
U4d1f1afe0ea59c64cc21a0999ae6e703,2
U49a02da6155e7c363ba837b292c49740,2
Ua456157e502d0fb57cab46d26ff9ee14,2
Ufc680a33b7eb2837658260abe69ace66,2
Ud5ecaa6f503336b0fdafead9b6d819d5,2
U19fc3e2ea1e2a19d4ee47444a4039390,2
U32ea4109718494f080c04620b56eaf73,2
U8b394ad02638c183ffa6424898f5d4be,2
U510b0457c01f592a667fd98ba9601056,2
U0a5ea90fb4f4f785e843a177f5aefcdb,2
U3860704e20227c1d749ceaea7d4be6e8,2
U953592f0932b88106cf9ddfcaa7c4c73,2
U49b8cf171f82e92b0e1018316a5ef1de,2
Ubee597385f3a9d0399491f3fc1b036b2,2
U8f3ffdc5fdf157eb07095b987af98a55,2
Uf3145a8a6d3ab1ee3e107e1552bda4a3,2
U509a1e2fc0f191fef03edf542461c0e8,2
U88c0cfdbee9d2d5d19516efb4259acbd,2
Uff451b2aaa31472296dcb00f090be958,2
U1dbb91a4a6e55ea954a20871990dd985,2
U257b87b48ed344cb33d61f29cc12ed3a,2
U3cb1d74ae8788adfb76c6b094f56fa43,2
Uf90f0bbabb5d60723ba38c1bac6d6d0b,2
Ud115b6d35dacda97f06806acaefe1cc7,2
Ue84ec10cc03bb2e27f216e62c1a1460e,2
U77245d0cb593acd1da5e76910d3f4f97,2
Uca680d0508039da7cb8153ec820d1a37,2
U898bd16a0592d856c77da9ffb1930d66,2
U93115566dbe4bdee8371a311d26d3bc5,2
Ua366b5a0eb558bb237dd542b21acdf99,2
U360c4f1a708d8fcff1267835aa6fa407,2
U4ff62b98ff35579bde76a9992dd0495e,2
U5bfe90b3f98d991d3c12bc50ab8cc318,2
Ub5831f7084381aca37548e14e2f161ba,2
Uaaf7327a7447f0c827fcfbb89d766390,2
Uc8fbc26560613e6a6854d362b0c187c4,2
U8234a31a736a5da984da15b336881af1,2
U1519b41301e1a6d17b8b028c7d3ce3f2,2
U572fbc8cce35cf999217afbd18775632,2
Ua8d10c74964a5b83c2f067aa111f01eb,2
Uad30c5bb3075b31fdf15cf875d2f8066,2
U6b61164a8896ec183c3d39d683cf1110,2
U5a23898c73cf303b4c854f4578bc238a,2
U7be185ea3dd1da21144cebd2e1dc3be6,2
U1e1bb6b43a1793571e29125aea8f147b,2
U3d911ef0525558bef216075ded0bfb12,2
Uc612342175512f9bb4c8a6bdb7aab5ee,2
U19685fa5c1834b9502990bbfdd33e1c3,2
Ubbb35193991060ad56d4b2805100def0,2
U7b1e76786d4fdb854d38044ff42887da,2
U4c94e4fa047c2fbb382e166f5705db81,2
Ub9ea34d0f096f520befcf07e2c60f509,2
U581b15e1b8d7877ceb3c9f8fe25c6a18,2
Ub963f1f81a387e5941028f9e22b3d015,2
U24b78506d903d70716446480a599ea47,2
Uc9e3d0be825c1e03ba10a8032a74fae9,2
Ue89628f7994108e059ab7032032d00f4,2
Ud8867820f33c3600c9d8f32df4704fa9,2
Udbde68c560f5734a978611b281b75a28,2
U053a295759e745d225b6f9030c68e1f0,2
U3e961964f71f6e373dd1de3c8f3aa7e5,2
U469e3aa731eab35ccd61d6761db3f757,2
Uc8053ecde044f325665b9401cfd959e8,2
U5abcee88a41f5252ca621288a22ea53a,2
U1d869d1fc4d65919fc06fcfcd76f578c,2
U32189a9699bc3942657eec43548e0a0d,2
U82ad5664d89b0743451d7fa65d524f57,2
U97c1d5fb32af5f90c594444b4c578eeb,2
U15328f41dd4fcd1e73c049203878243c,2
Uf445ec4f44f99609b2c8ffdd1101be7f,2
U6c48b7320a0d41f84a854dcf79a0ac14,2
Uf9a168ec798049aeb619bd7304eca70a,2
U74208291d0474efd14b83d32be2583ca,2
U8d01bd26d2fe923f214ed8db9e3e147d,2
Uba9021bbd97e986292c352bd25cf9e38,2
Uc5a03fa931c8db08590cd01665ba0640,2
U8396e84d80f31d5b6eca3068526f8190,2
U36b23db2a91ad2fd7f74504d73cf5cb8,2
U097ff7cb610627744539878683c0f6f3,2
U3113bd31d50d9b2d0fc2de4e7f45b0cc,2
Uf62c5aeb876c6acf98e1606629069bf5,2
U5c4b5a0d48adedea9353505a6b600672,2
U8b2ff87a511be81a8318b977b08ba62f,2
U44b123adf422197a3d18669aa508ad06,2
U8ecb60866c5c039c46a11bb311043e30,2
U1363f50fa1b6e3a0031d164cbbf5c67a,2
U0e994bce4c2a0c19e216deaf176b814c,2
U4f87dbbb9b687ab82023e39a4a957d46,2
U73ffef0d2099067bce2a406c591c6fbc,2
Ud33292fcdfaed00a03ca61f70f5f990e,2
Uc6dd87500ff05dce358b425789837237,2
Udbabc0231ca118fbbe6fa6c5fad3d020,2
U3192e549c09ad2fe329e3cf8e88f7e77,2
Uca08ad508ad46166803d3b24f6c0dd17,2
U57ea9731a7b003b724a2eeff7e2082ab,2
U8d7f9c76af2207fcee4663736c9e67a5,2
Ue4e1bd26f6ded577a43d2c6fd8df7625,2
U00a9bbdf1e1f2198ace0b6f303403872,2
U2472df246189fb33eb3c389bfaf23ca1,2
U60d65b4c870b4c7bdccdee917b3637e6,2
Uabda7df448511fb53fa83a56938954e5,2
U71608da623d10adad70c460afe2434fc,2
U7d4dc3536760800a001839f102ed75b9,2
U208cf6e2692a4c0e637a4c9f146fcce7,2
Ua5cb2ecb1fd5054939c04f70582839d8,2
U23adcc1021aebbe66414ab164833e629,2
Uf52faa85ba0febe3f42a51e6a4815ca7,2
U53f9797439da4ae0a9f83e6a99bb1032,2
U76d3307a83481f69ab81d741f7918b76,2
Uff345f74761e14c1eb3512e981309421,2
U4c0b63962b0e8d9ecb1a7fac289c839e,2
U6c3861d6955c552bec29b788b19ca0aa,2
U44be1e621bf0b42e5206ed188e143779,2
U5b0801699492484b3a67e9511e4e6c76,2
U5be7f696be5def8ec1cf03744b339937,2
U3d00deba949aa86d9a3ba4da0594af5b,2
U0a060c1ee8c97ad8c7962e9c4eb9146d,2
Ucf820422b17a33bfd0984a8273c51f4e,2
U3c1ed1f198703e2fa7bab1f6253e0cb4,2
U5b7ec5a6b29b7d79a48366caa567bc44,2
Ud17839a9475d0d573e77848a3233b6dd,2
Ucae15116594ec865b794dc1dae1659f5,2
U9977c10f6241bede999b641f81b68cf4,2
U4e3c8f6005d788a353a055e0e8fc0e2c,2
Ub0f3ae495819320c9fc5bfddff8d22f3,2
U306c25f34acda80e2d8703247e86f8d5,2
U0e73c339c919ee21898c7ce20a476bc6,2
Ubc72b60b7a6f631f41f551d3347fad78,2
U45d46a4185de98fcab775ae19bbaa7b1,2
Ucc921ed3fc15ad16eb16d90041783788,2
U51b5e3ea5404a34e3e51dfbf9d28a4a9,2
Ub95442bb1a89efcab1377a1161f245f9,2
Ue09ccdc5cc8e23cd935515821e096eea,2
U3c5eab6764e1568f273a39fe6e0d737f,2
U6156797b52b70265a4267c936c77d6c5,2
U59bf0f36fa7f5070066bbed8d4421a02,2
U067e98b6aac5d1b186871cad6a8dacdc,2
U6a29746916f24083ac652cd72086d7f0,2
Uc62830d2738fceedacd52fd39d21096c,2
Ubec57a33b322b3924380c10ff329ee32,2
Uc0d4cc48b68f76f9e94dd9b24b388547,2
U6b1ffb82f43e84db01705c8847c6169b,2
Ub0bf3165c76425bfdbf6c9bdd4d91952,2
U2521b95fb53b0c1908866062ac437c9b,2
U49450a06bc350b1ded60d9797a7830fe,2
U15774604a8b807873b06e49f10435cc3,2
U1f72d53374aad80648b09efd056fecf1,2
Uc3de427d6fd6e5596aeefbed700accf3,2
U5b2ce8fc77dc2fd8c5ca7f46daef2bf2,2
Ue4da58a15692ed2b25514f9b80bf4a69,2
U22bbab9015a35d46ff7cf03ccec5706f,2
Ua6ce462b334a40cbe96e6b46ff0c7158,2
U361d5d0377bd6c7b83bfc5d7110c4424,2
U28bd266c4dbcacd1bc35eec679d4522e,2
U272997a85c4230dca17689a3b2c5796d,2
U7b3b47c1478f0f311e3da97f56266bb6,2
Ud4835ffdc8e22550f9223d01eb2652d3,2
Ub0712bd5478d79d67ab9d7d226273de2,2
U0e4efcbcc9287d2d2bbcb1ac64b89438,2
U62a8f0f0f07ec92fbb8b76f871219705,2
U1eadbe98d16935b6885d9056341d0426,2
Ud5f891680fd71a73ea196532db4c403a,2
U05313cc8fc1f38847ac2e7b635fa2e5b,2
Uc437172f985a8251ff0762d601cbc7c8,2
U4b0f11d2ae7c6220cd3818e785b285af,2
U59549a9bd05e3f2fdb13fded6df94c13,2
U57632df368d75e4abb199204abf16f0a,2
Ua65bdc42fd8548495e0e74e9106998f0,2
U051d0ae94a00d2cb8be8d8df3e6005e1,2
U687a1b8a3899d319cfe8d20a8107f470,2
U9b5362b0ebf5153ba879435a940ec43c,2
Uf399598355c75c5c98cc7bdcc1a3e60a,2
U526aa793d96e0dc72af1e21cdeef1ba0,2
Ucc34cca03889db6f20c73bf77f4a9572,2
U3df404b5ae42d849fab6a3b771915540,2
U5f1769e46c7435e08cf7c8bf2e3d299b,2
U96f7075b124038c5399920f54de07cdb,2
Ucd59e8e12504c6744e228c1f323a3124,2
U5b66d96c43fe651116108f7686bd7463,2
U4418ec58e0656919b4cd2d6b054013f9,2
U383910cad33cc2f974854d770060ce4b,2
U1b0ab0d4b1498b049ea09f0abf7ce7e4,2
U60de4ab780785d522eb70cb8b88d26ee,2
U91e47da7801d52e1b2e1871c1854cc65,2
Ud0370c3b4f29dcde7cb4bc3b0fb0079a,2
U8b6408886dee727c14341c987013fc76,2
U514e7019aa31ca661861c300cf00c083,2
U603c9a183e2ba165cbcc2221982a2359,2
U94995f49d9e358e3c27206467a835b31,2
Ua63e55befc8dd7b4bc0e8093629c617c,2
U3ad0006e5bdef9b29ba1ed12ee1ed377,2
U7d1aca541c4c9d6ac129dac5dc4ab871,2
U7313e0ee9e66cfedd79f78596148492c,2
U0b36fb29efb1dcb78e5617f003da5ab7,2
Ue127c58991453504e15ef482a2dad12c,2
U5002206a07f8b61b78c334f76e96693b,2
U6086048dadf9d7a2bc32f185b2e7a01c,2
U79f1a87ac2d2467ff13fddeb2d716d9a,2
U0d1861882ec084b8f0c8eabe08576817,2
U3edb01a41cd670ea21a64e0ddf2d626e,2
U6c60acd263cdc38290ed847d1790c268,2
U4fb827624bee6d8cddcd6e3160bcc7fa,2
U5263205696d319b5b3f443f75d11f2a6,2
U3a6a849564ac955a2216396fe08e59ed,2
U9b9dcd9ddc3214fb0377d0e44428e9a4,2
U8cede4461174918607f62df6ad7572a6,2
Uf4c69f1f5afa8a459aec41cd442859f1,2
U948b850038966f278424a220c93bee02,2
U6a9f86624c80c0a93e5efbcf43b2f6d2,2
Udb616ff1e59ce80d044846d155543a36,2
U2a94f6da418d4d35c16618aa107bba4a,2
U084531529adf7a4cfa10dcdf50f2aef4,2
U392e68b97f9f9f65aed28c72f07bfda2,2
U100ed74ca335ecad51c69d66ae8b94eb,2
U930fffed22c1e87d606f7f0f13826a53,2
U32ea58bbbbd31ffcf4e293592efbf74e,2
Ubb61bd50c2cc3741132dc923a0fbc409,2
U820824220a66712f4a07b3f18ecb277a,2
Ufa9dbc0dad1c6c8b7ef877b8d3c1c5d9,2
U7b49c9e7ca798c44368ac0af133651ab,2
Ube59d85f4cf5538f0f57e5f1177b2a4d,2
Ufbe3bfcfa2fa7c44d9fd0dbcf8a7c227,2
U7bd731c0bbd4183d04975a57f762302d,2
U2aa1b7698d999b8d31fb50db754451be,2
U540a2ecfffc16486493e2465bc6acc97,2
U58030a4dacd5e522049068d3b6ababf0,2
U1781dc202111ab315eaa7162fcd4e76a,2
U209a1f3dcaa594cbec81dde1c5ba4536,2
U81ef35fdd2ca1d066b4b3d22d9508cb4,2
Ub64047adc56021cb8f6b0b664185fd0f,2
U552732ebd63b8d32f58250525115a70e,2
Ud4e653e26a7d7b242c972e9d5adfb068,2
U3ad0ea06602624ea7b62a545a8a73804,2
Ub0dfc3ce68839aa2f2311f4e7d7411a6,2
U06cbedef291d11f492a63ba6d01c4fb5,2
U310eee0d9304235b7bc989e798119808,2
Ua7f99431437b25e2393ae417d162e826,2
U7a82093d0947907e041f575ab5cef9a6,2
Ua969fa31b446b8a5a1cf28f17e89ccb8,2
Ud8bf96025e7856d1113b2780172504f1,2
U1b241c8877c624bc7afb04df1c018d09,2
Ue69171eb04453dec6951fe71d2ea9925,2
U74da95c7223e9a0f172e5ed7fa212add,2
Ucb884c2bc08629f45a5f46334b6036b6,2
U4b9f989a2f11e7852c359525a91b426c,2
Ub01a01f33e4e45c39b18e79233ab351e,2
Ua00b59b9fa847cbdcac30488038df3fb,2
U1db5bc5ecb78f0cb4d7b8649f773c638,2
U6b96e607f7897a7220f4cd136e9be9a0,2
U97e6bda38ec61caa55729cd5618f240c,2
U4bf21870c55a4188f249a03f97828deb,2
Uf523f91759fef87706953b88f52f2950,2
U0224704d5158196374eef2bcfefc6cea,2
Uc86cf6691b3d014038980ffc3f221d84,2
Ue163ba6a2a344d89b95e46735c6a6255,2
U3e87a3ba22d09490ab30d517036b9051,2
Uaee669b55bda0e08ad9da3c7ad520275,2
U9cefebaf15963a6302d0da285c998f20,2
Uf5e0e01bb21964f547d10d7124186dd7,2
Ubc899c870abce9d4eefe3aa15b92e064,2
Udb3fa2cc876c0b4ab50979367ecabbc7,2
Ufda76a2a9c08e463f23c134e42a65d0a,2
U94e7964dc5707ab394c49a450ff37422,2
U9d9b0d89709c4e933ab482c9c88d418d,2
Uce038774bbd84b7e794e45a5edb684a8,2
Ub673da8bcec1709abe0c521a50024266,2
U7ddcda13b3f0965ac82bb7dd2e6e3259,2
U7f64de0c9319d336a2b165d28f846225,2
U075276d1c9a40c4e4eda5bbb4ed0136f,2
U531dbf9d2c27e623ae85ae0b5a951832,2
Uf4a89ee97d1e3f8a3dee3c5e1b9150e0,2
U386a6a6138c8a0f875cfa52abc1ed1dd,2
Ua14bf4024a1bc1f7c79c15469299d0c9,2
Uf7564a0445a417e8b62100c54ac5d5b4,2
U6c441fdf0b972bc53ccc528c9c9df6cb,2
U06b1715fd9d43186e5a564b5b83cb5b9,2
Ud0a4d0f2069cdf0ab39a2e6fc5b9fef7,2
Uf8595177656fc4659995aed8f2c8f331,2
U117c4830deb4bcae8d39e69338886892,2
Ud750da04b0838ff4a1e130b1f9800387,2
Uad5415703bfd2669cf562ddfaf01fc9b,2
Ua80ed5b2a877881016a0ccb862f2b191,2
Ufd66c680e94703a2cd0ea2cad9b96c7d,2
U691ab25659dddb69501b481fede8f8ee,2
Ua762e024701846b9889f6d3870249918,2
U84f6dc4016a937a65f311d4cbec8bd0b,2
U431c0b8595dc975c91f589d4c1e1dfa6,2
U1068fe6da18e3f44c0d8c1bcdbd67c53,2
U2e21bc8adc9a47553807dd2f127f7c82,2
U466a9fdc28862972f2ce128df5268aeb,2
U61a62ab1d1497f59d4c48f8af9b960d0,2
U21b5710115f77e8cc22aed6146bf61d4,2
U8d2a7d5c2620f447947ed488dec55fd6,2
Uf99e08f182b89f33d5bf5f2ca095f936,2
Ua8b2c7005351961f7d149a3f2a061e01,2
U5a84350a029a6bb260fdf3a91597264e,2
U02c477985bff0ad3fae7aca9efe8bfa4,2
Ua9f07a5a03a917cf4b2c4da058ab2015,2
U8ca7e4fcd02a6cf0cbdcf451c12cf5d4,2
U24861bc9509544b210e4ce878369e87d,2
U30555a6de3ab86e1f9376dbc6f60b141,2
Uf909217ba5fb8eb747f99c4bbac5a327,2
U246ffe7c11c40e957459d07107ed5bad,2
U1aa3d0515db25fbc385ce9cf11392edd,2
U7dd8fcbd79830a4d37185c480939327d,2
Ub1048edb11cd30dfc456f4584b9c4555,2
U2f9ca6e01f360603618231fa9d8a2d8a,2
Ue14117fd91a3b84c235893d8f39eaacd,2
Ufb1567a8e4e3c053cabd0171c2f8bcbc,2
U92c20f08610b4563550f36dacbd9eb65,2
U3ee59dc8cd8047ee09803e5d658d3b4b,2
Ubc0060c57dad91850ddb6dd0fb119eb4,2
Uc0b9aee6bf91755f0f4a28edfcf87888,2
Uf267d344a99d5d545e4b9b6c314a6773,2
U9150cc09a5ee65d7a3bc17d79ff33f9b,2
U7ea6e4147b129b87c42665e498d5c107,2
U1312d73ae6502608e86bab66c2f88fe9,2
U734b3bbac5035033e4d907e0fbe4fb04,2
Ue09eeb62ceb0ea95adf0a8cbbce2d024,2
U58afe71def406a904a4d97f420a12a7e,2
U93d7fd1fe3304b5b4b452bb25fb8c2e4,2
Ue2d982cf5e46ee8b5092d46dbc4d03db,2
Ubb2cc7d0abf67e4133f2b2f719e3cc8d,2
U658eb5b2c8b01e27c49a5d9befb4a44b,2
Udd47be10579d00fc2c17e32e5762a3db,2
Uec9d441fb17b270d32b676419c579b42,2
U68f62d8c8d60d2ad1087cf1bb4079c50,2
U2a9add1aff789cf0472f1340c37c9387,2
U9d2aaadf2c4bbe8edc8b6cb2ae20b2db,2
Ube5eb2fd9e03f6543c921c18a24aef22,2
Ufc96c167f4fe255220d07c316590bfee,2
U14b9e2bb2becd8dc0c6155ce5c08520c,2
Ua43e34902141a63d188a4a969547f1fc,2
Ue3ddf13ea92b217b4a3bfb96d5903e26,2
U6ca2c07005fbbc49a6e336f951bb88ab,2
Ud7b273dd2325f0b17a3d14df40a8ba83,2
Uc125cc51118e2966970afadcb590b1f0,2
U5752dd191bfb052dd02e84a2cbbdb92d,2
U2b61a33ccce72e9bdee21d6ed327be85,2
U68188cada182cc7188204f5449eb5b3f,2
Ufbcc821e67596a16d90c75e7aa476e33,2
Ud63e25123bc42783d3fb004cd993718c,2
U87716b3ca3e35849cf803bf1946e7ec6,2
U420cc79453114575b9f025a6e2256959,2
U6cca3db871b085151e35c386608402a1,2
U1b92b59a0fe048c55c185e7062ac3397,2
U91f6e1c6fcdf390ee61d4fe145a15f84,2
U4c0e342c00aae2a039dfd59a197db347,2
U6c6d20a6e1e73420925f621f13c10190,2
Ubb7f016c71b2f6ef1a4e052f2d2f5bf0,2
U3ec1de2b9f191ad5d04e055b069f696c,2
Ua3a6237cfd6202ad9640821ce47a981b,2
Uaaea68eeedce2c1a4b2a002c8a75a26b,2
U632b717d6a6d46fc06e3eea05b8370b1,2
U45ee9080562c0bca44fd2e79da3dda11,2
Ue682851772d48128821af2e58e634283,2
U5ef2db24094f77b3966452f3cf85a719,2
U23fa7f74484d20d236467b5a05b6a1e7,2
Ua947788ed3d16020e1c1edd116963970,2
U68420ee25a34e03de06d3d42f300fbf4,2
Udc7c372b3d3511f88a1ffae7d44a8153,2
Ua2866d353975bdb2afd545ac1c6856c4,2
Ucac4d4bfc23709968e5e3e3f1c3e9a4c,2
Uc88c9d7f0ae46fafcc740240ea44bc03,2
U96900c8739ec6b43cd4b1d61c993272c,2
Uc773154ed1b64b3d42cab667f5e5f66b,2
Ueb627346dea3d59803757472c3d7e46f,2
U7ce6a74c66ab95402d6da4a2321a584e,2
U013267ab6795824a034b2120a2645cbe,2
Ud36b7c7c0f10552e920e183b802c2dc2,2
U6452c013b68e2d7c639cd4328ad7289d,2
Ue63be82ee97d7279a8136343c4f6b163,2
Ud0a14625737ba7b87d87166629564e66,2
Ufbf1392ea2939c78ae4035d0b4eba7d7,2
U2962cf0b7254cefa5f61ba1c57a06879,2
U7d174d3b06f9027d5662410151524883,2
U5999b17d6e90765d5f8f263ddb265f97,2
U79ea8e80be401e6f678a6bb0d6d5b9e4,2
U05b810fe6e9fc19d08571ead8a428dee,2
Ua840272fd42ef51ef87a717163187f9b,2
U30ded1039b05c9a4dd9036cfac83ac7f,2
Ub40885f3b9caa7a7d95850a0fa1d965b,2
Ue79771b81e154cb2b64cf51ce103789e,2
Ube6315a34d85811c4b90dd04eadc53a3,2
Uc6e8ce52efbd10f0f1cefcb3fd3e55d8,2
U2baf2a9fecb06592e204f21335aab8f2,2
U3fa9b38ad4d209d1749ac46b735a9e58,2
U8e567e6b87cc30dd510adbe02b5e6513,2
U6a32e30e30ddab70378bf213becd6b06,2
U2c67b36c66b672d82fc5943cbfb38433,2
Uc42101dc1335cc90cdff6e5154f5fb4c,2
U8a2c50dbfeadc49b78cb0874686f51bb,2
U8fc858283f5f5dee9bb93377fe71a634,2
U4fdbab6774c2a36ea42057fa1d69023c,2
U38e1c3dd93fdc9c1d169593e0e9f98c4,2
U3faf272bb67cadf9749ede19b8e9e675,2
Ufc83a968d6db6b0342ddcc63361653e2,2
Ud7991faae5c699c3f38ed6f852465b4b,2
U008198630ca5c086a75493e92d4e455d,2
U9de6adf98a398c401e9e0eab7518fa38,2
U869512612fb35e2287cf15349adb58e1,2
U751a1d1d4208b1e0c1ac0c0b9d412156,2
Ub87867135ebcc8ea55513288fd92d9d5,2
U328076d62854fbcaf8f4ccccbe20681b,2
Ue3a1ff76748ac99313bf90e7c81ad6ad,2
Ue34ce75b21fb4957fc32d315ee7eb445,2
U61d4ae19d9e67a285284160ef7573b34,2
U120bffadc7f9b7b1bdaa80aff9e096d1,2
Ud7e1791c509d69b01818160fe32684ec,2
Ud0eb7bc044a765033a5504638ba1adf1,2
Ua65824fd09af71b506deb48eec07278b,2
Uc41a8650243967387be43a022a252a51,2
U55aba7a611fbe167c6cfc8677a144059,2
Ucc7cc0380653157d51b955c025b80ae6,2
U6bf1d85059b33db8158d29c59eb5bf73,2
U859db1613f319b04bd6b8cdff7449d28,2
Ube165f2c57db20b6f173838d84627d13,2
Uc6b1d97a65bf42346a636ad5f73d96fe,2
U43e6ce6e5eb404c32490d3eadad7e92c,2
Ua51cae6da6202624a89a77d72b5a0735,2
Uce867ff2fe95b58282d650077c6eab8f,2
Uca8f9e60db7f6e2467fbae1663e00e8e,2
Ub17e931defd5a64b8b07dc80d8ad07cc,2
Uf34c440ed8475c06be606ed95ed8b67d,2
U7ec1ff5e851b6d12cb5d76eb42d2151d,2
U7e4b8ac742314a5c22aa7eff21045eab,2
U1bb0130577c589733932b68bfd35cda7,2
Ub8cf85a563ec8412fc81100a13c38d86,2
Ub3b4a1b0b6df2c6896e4399c4c6ff4f2,2
U5c0a53db5b77d19eded39f7689c9a901,2
U79abd7c6dc2cf002468d8ae405690591,2
Uedb570be4a07bcbaa77db6ed3cd7aa66,2
U4893ee0b6446308569cef0350d996e68,2
Ue57e22d83ce461094647843d95313492,2
Uf06a17f78d1dc9997efc23722e4b0965,2
U4bb9ef3cdea8c5c4db7d8a319dc9cb3b,2
U1678147c83162c65b7f26546fd702f70,2
Ud2eeb231202cb7eaee22b32be8b052d9,2
Uf751d3b7efa9910ad2c22434ace92a64,2
Ue58f1e37391359f6568dba87666c03f9,2
Uddcb5b10ef1b918ce17b814279f41a63,2
U103dc37962d6921851fd10f32cd5e9ba,2
U8bc49a65deeb93e4bbb4a0846d0c8af2,2
Ufe26f4db1d8bfe35cf508c3882186e2b,2
U0e9e0c4ea662e72e0f5b6b9aa3c4b2d3,2
U902e26806291af660f32ccbb3073d8ef,2
U37ddfa55b217aff339134a95e8997e8d,2
Uce61c10ad5588fc272f21946d279c271,2
U280c2998c3e59164ce300000f4b0cf4f,2
U77c46b7a9e7d22d654a1620a21c9588a,2
U9db7fe2fe709e235db18f5a9ff65a4b6,2
U5f9ff8e079c98ec771fe5b024457bade,2
Uab614b21e2e9d1ba440d16d41be770ff,2
U9b157bd8b52f720d6a1a179487753b2b,2
U9edfdb0b546ce043b240d4b9ba3ae8e9,2
Ueaff952d42193b68ddea1399ae32bf03,2
Ufd130b9bdb2274b21d35ac22e962c1d5,2
Ucabadffcafe0c6280475806e18aea808,2
U94d88e0c6f799f7c259703404663d9df,2
Ue517b69e7fd6f9aee7037ab1629cf976,2
U701bae3ac206e2d3b3cc9d2da9bf0514,2
U6fa7c5e71e3463bf1c40b2aa83b1a1eb,2
U438176e2f604cdfe336da130519a745f,2
U4b167bc8aa82ee4f95981ce20b607f42,2
Ud48957ef6dac32a6474c7370c1d025cc,2
Ud2defc7ea3a4b2011b7ab7378ee9d0b3,2
U7b3f0d11c10de8c919b77fb773eca8e2,2
U5b124967c83f8bbc68e37144bc74c5c0,2
Ub4dfd4952fed4f3128e7c1d9a5ee03b3,2
U8f5b94b99870a4f26d04f47e82e56459,2
U1c7d98647fd629e553449741968fa425,2
Ub7899d24b3fcb8dbc81ebf5d90e441e0,2
Uc9959fba24ccc405f0394c11305a27d4,2
U39684b0697710468b54d9fb8e845b5d0,2
U3b2cc959d706b0bd898a3755a45c37f4,2
Uf7272db645bcfc4a97ac5dcc7558e943,2
Uc28c4d9954503d10bd4b2cf09d8084fb,2
U967e29cc05b63f67bb9bd7fe3a02ff7d,2
U1b3029838f9dc50217327ed4ebb40373,2
Ufeb20444be02fff5fd43c9b79dbd2ae8,2
Uae93f40da268341eab3f448c3ac36819,2
U7994a3153ad71c4dc9346261b68d5677,2
Ub4c570872651cc3ab756e38cc77702b7,2
U78a76f5103a3e6e22be3b3c1a04792a5,2
U9bd0fc2e19e331e1aab655e14f9d56cd,2
U426f12a3182c39015eda9dc33582cbf3,2
U8827e96a460608812b501fd29dd3fa2c,2
U07123ca9a67fe65d1ca007f73c77323e,2
U002d5cf1bd53dbc22cc035a565822bec,2
U05d21023269c59963b491a6bdbf84dde,2
U45fe93cf5e197725ff7b413484273052,2
U81c6fa8a1d23860d851d0952b7c134d4,2
U058a0bf02ad1b74cd10cb244b5bc2e26,2
U68ddeec6d25713804cb92ff1fdbcfc47,2
Ue68046fcb91596540e868c288031d235,2
U7c68ebd7099a188af2a41ade582d8fb0,2
U7f3eece4912d3922cbac5874cdf7cf76,2
U470c544866bcf7a990c97f2bdb534780,2
U6c9588a347081d8d93f029a87561d17c,2
U7bf6c763a177df9be91cfa3bfcd0370d,2
U70f9c80eee92a730669548c2b2086641,2
U7a4a4ca7ebc12e8f225463e7dfb1034f,2
U00ac5c385e99dc197ad38225a6385ca1,2
U62641af2f31a4d612207b198e92ce26e,2
Ue95cb9542a85bf36996764c18ac62fd2,2
U37d6bc46fae992286deae10d94fe6195,2
U7701c001c11180aa28e79c1ed87ad8d5,2
U7f3922c66cbfbcbfcfb77cc6cb3bc59d,2
U28f7e6dca85eae58721cf3a2f2a5856e,2
U30e2f029c27505516d390c9d9dc6fbf9,2
U8de6b096593d6f3cca28839b208eeb7e,2
U31581eedd3e6e2054950cb5603476b3d,2
Ueea3b7e01f0567814db62d430a73764d,2
Ueb3ac1a7ddf581043f6ebe28699123b2,2
Uedb627fd16d20f3f65d44dcade32e0fe,2
Uf1f5eb8c636afb6d758edce57d0d3a23,2
Udd8e2ec48451e8b53b9445930210b454,2
U52cf4776b75c26457763811384ca5ad0,2
Ubf7ab30eff3c49fddb77540961ed64e8,2
Ub11f4d4a676c05f0dd51e1fff527e595,2
U0ce9185cd5b9d87a0a5d68268dc23a76,2
U58e55af9a8d19c4250f52e5bf8be3040,2
Ua9d11175bd88dc5c260a1f6ed3dd4bdf,2
U53f595a3af0068865ea9497fc4c76d8c,2
Ubc966dd6632c779290cd366f94a7d7e6,2
Uc37523a6e5f027bfd6aa4f812972f7fa,2
U608ba2bb81324d31fcecbbc5a658cab9,2
Ucb87594bc86530c1d1a0011443be2357,2
Uc8b0cd77f543391bc543fb6f845ddc74,2
U9c85b8c3bd44499308c77dad1fcd4294,2
Ucb970809d49e99b87cad691b04ef3d45,2
Ue52697342df599883ad2d0ae7c649dd3,2
U881de2b089892ad54e85d302e7253e63,2
U92f353a4521a01268076c90f015c8c92,2
U58a33e315902baaf44dc73721dcb20c1,2
U8840b81fe2a3949f46888c85f05a3223,2
Ua7827df917ed6960ae3fa7dc813a5b1d,2
U6d878b0472caece016c8a201cb0693e6,2
Ua017e6bbae2d64b2a1edd95b34e5954d,2
U0d712e97a5a66bb6101fe58599401096,2
Uc6d1746d593b8898034021be17cc64d5,2
Ufc4d2b5803599a0a25134fef95a84621,2
U6be2b1c1b51d1e16b73b24362cababbf,2
Udeb442c24852aeffd0a5479d24d13287,2
U38a2aee031d83a74b7987bed30c615bd,2
U8d84b05cc5f232b9dcfdb19bcd3979c0,2
U9356b9f9a0d258fd745b166ac7692971,2
U3eea9fcbe845f3da3972e95deef6a747,2
Uf6d368b6eb35f347e4052f3ded8deb15,2
Ueccad34aeccd01206a4ca45cf0eea141,2
U5119f68536fd6e0842e4078e635abfd8,2
U093063ae45b340f773cea154a491d56a,2
U8724c6c92b4d3a8fd3df5ba391d220f8,2
Uda7a925b35fb2c3d26abd6afdaf7034c,2
U5de4fcb2d5840a9b11dd46c272369227,2
Ub514d973846ee7a9c02e59898dd15749,2
Uc797f25c5ea3088041cba5d341d4584a,2
U9d0fdcf650ff73567426705acb9ea30d,2
U6003b246e5947ca49ccc557f3b89f45f,2
U4cfff421a77e1175b366d587b59cb561,2
U6ebf68a8e015f412e759b0162e351b34,2
U22450b7e3292f7b699dedad9170d29af,2
Ub19247c77a3ce6df995d4c9e33f04062,2
U1f02c0829bb62eb553e4405367ce5e68,2
U7ea4144938f5576f9462b1e233786dd2,2
Uc700145c4aaf016758847c40c5191d91,2
U4dcc25118246158baa2d75d2685df098,2
U1936e0c95425cbc8523aff4e5e426767,2
Ue55a846c4f6fa15240f9051927a53e39,2
Ua5402e414d28f1002a277935f842c02f,2
U54bacd4b2d75e72a8d60852ceab0f8e2,2
U917c347ca05b88b26ddc5d83d49118a7,2
Ua2a2d0d8e84aa4e5ab30fc422f556c5c,2
U1557e2d0ee22a58fecc061b321331c8c,2
U680a3f9eefc5334e0c3617f941cde0ce,2
U735fe93d617eb3371ae210aeebc2cd66,2
U2617948a28ab5e75cce6abb6b859d918,2
Ua890860e0b4e9f08d4f281c71592aaf2,2
U3fef9291d41444ed7e3a94c2c3cb2c05,2
U498807a7255a04dbc7a10f4a93856959,2
Uc664188b379b06df1c87eb8f7f84b043,2
U4b92b9b98909e6667fbce11719af29ac,2
Uf1a862cd3ed93f1d82a4fa7c160c6049,2
U64f851f4e22f96faf202748fb73e9820,2
U2d12780738a81f8ef4df06242f35bbd7,2
U70e709096a1fafec0af103d11f0787d6,2
U6905d23bb0f579e7779f0ff9b778d7d8,2
Ufb7519ce4c744b36cd5c163ddd26e612,2
Uc6d642a5f1c1c1f62bc4bc6096f24bb0,2
U3b3e32bb555c65371db14c366d5a2eff,2
Udd991e74a1ea9a9b289855bc4cc2a6b6,2
Uc67201966ef679589bfe53b5694482d5,2
U243a7f5c11d8ad71872b2358ed5b47f4,2
Uf8bfa6fbe9450d22615f393844c9bb19,2
Ue2d6c740fec4e9899ee1c599bf887616,2
U0b3266333d684c11d30b7d47c5871aef,2
Ubd462535402fc6f0a482e1331f3f6e23,2
Uf6522bf78093c8d134adb6b114940750,2
U2e4332f2e070149497f29e04519e2f12,2
Ua5938e2abde33caec8811f25e250dd8f,2
Uea38847f632147b6e013dea1413ea039,2
U47cc9f5ba7f276b75f3b1ae7ca39b458,2
U4757bc5919aad693fe7f35018357ec64,2
Ub58c9a50e3ab09d9cd1c1b032afd9f46,2
U67d9a60b34d294091fe2b0e8aff3c69e,2
Ucdd9fc03e82462aeb1afd75283d405af,2
U3511f2916e306e48a193d088126317c8,2
Ua48a3ec9ddcaab68398201af4241fb30,2
U1d98b70dddeaefb5115f1abda09e0f0e,2
U8215ed0123ab91ac6e73f2b711c81062,2
Ueff43cc4a563c25c1976ff762e65d7a8,2
U77c7cb33fa8b67bf7afff57406141ea9,2
U048ba072a236199e5317aa11fddfe73b,2
U843e43e94f670ac4c27cee07992dfcf1,2
U122e4d01b19d795970821e51b5f5c5d7,2
U5b4be0ac21aa892762dd1de7689de095,2
U9039a53c1a19ba82f2351d5c67ffc71e,2
U650e14c85a151f1848ebefcec4ea6ed7,2
Ucc2c79bdaade4c457a9626c4465cc145,2
U754d429768a612e695d18e604409a9a2,2
Uc573785ce824f4151bce8a46ca863792,2
Uf9006b15392c401a45c93c1731b52828,2
Uaba92b1dde60d10ba6cef5bf9f1f9163,2
U04bd085b36135954f67323f16eaf4a4b,2
U604cb88f19c070ecdf045fdc9f330daf,2
U586ef58fca00a8c6cc55f605b0f434a2,2
Uf0b27ce3b74de2967dab04206d1948f3,2
Uec184f87fe489382e0351846d8b7b5e1,2
U08355a47468017e462c7ef5b05871b7a,2
U40f89970a0ab0316ab97c95fbf0f5aa9,2
U123d2a2f53113605c5385519ed972737,2
Ue029b14a27598b94e5c7edfe59512e70,2
U83deccf5b9975b1188a3b899c198e012,2
Ub093712f050b04c98345156509bc58c5,2
Uafd50a7d0cb9a6d0055b6c872bac6321,2
Uf01123459c27964f1848b981e284fdc9,2
Uceb8380555b98ec5e4dc28f98311ef81,2
U8a4ef8651631e0914def6c1fe2cbd658,2
U0f3ab8ae4c6c7ca22fbe0c9734ea809b,2
Ud6cc7276306821c3f5f9c9d4c9c6a2c6,2
U42c7fc08231877c861042ae2b6bda458,2
U954d9ab6633e8df5d7d745cff4ffb6c9,2
Ub74ff2220c39e5291d4b4826444c99e6,2
Uc31182916818dc1703763620baec3435,2
U81d72a2c293805d7cda5a60bb0e32098,2
U0cdb6f8a92c4548a51782a6dd540056f,2
U633e9c7b4e37a30af4d94b4c7543a3b1,2
U327efa425e6abd322974213be3eaa3c1,2
Ua29f43266b0ad6799ac0d1e9d4f4bf20,2
U448b6bc086d67c90b70a3aef591e2b08,2
U30c5d38e2313e75133d67e6455a21fbf,2
U1b706614fe78e24a7f9959e109b96adf,2
U34eca4406b242d27c8a6984fb0770612,2
Udf59ad167507431d3140f974f8f2631a,2
U549969a897f0d412b84dc52e65a598f2,2
Ua3832d423991f8d9ab81e94702ae8d7d,2
U4382d052fd3be357cef3805bee9ca083,2
U1cfe3c698619b9920fc31eece339a861,2
U9b8f535429b04d3e7ec4aeacf998aac2,2
U4b65c870bfeffcd5d04d851ce489b721,2
Uc771ef634d7c7d235c8b49499f1985b0,2
U8cdc607957e7bc8060b79cec6b3d3205,2
Ue8db958a8d5e4f0730fac568b72932c1,2
Uc9df1809e6ffc4727e7310cc58a9c7da,2
U0111be61c772b438b0596a2595f02f05,2
Ud1ad14b464d432593f6b4d26ea9b5fdd,2
Ucb8e30ba229f498a661be080e9e72dea,2
U7580b2db1f49504cd701b7e87d723cda,2
Uba64c26a7cdc2c587c4e65cf86082b14,2
U45f1c0bc940d3738bc181321987b8b0f,2
U0d88f672a5de379100ce8130cd6fa51a,2
Uef5fd53c0710081f15d2b68c2c6159f8,2
Ude24d40ecd841b2beb2e45d3023ce946,2
U8061bf14fbdb62683eea3654cfdc6827,2
Ub4a4e28ac1bfc8e82573f7b0d534f735,2
Ud0620129a5ea0a6b4a419adcabdb6572,2
Ue50ab597d10caa1a4e96a97662171507,2
Uab937309b7b838f709a4261168f85508,2
U9c43967131fa34bdd9e5cd8bc82b89c8,2
U0a64871c65e1d93a469ec895f0955f8a,2
U654765bb87babb0fff61281612e82366,2
U0127ca085b5add00c92bf74bd2a257ad,2
U8be30b3e918c6b6bd433d082fa0d8e03,2
U81135eb06c1ad1fc5133b44289568b5b,2
Udc4c8778216a2c46edd4f22616e1ccfc,2
Uc873f2bfb5b194037b6d3e0edd54b6ec,2
Ud36e356a561a0e54831737fd741f3ecd,2
U890e9875d493b81f9c8550e15e30df28,2
Ufd2b2b335fcebf34d481c638da872acc,2
Ucc574795c62ed691af3802d9f770d814,2
U99d0f3dabe6e697a1136e94b9333dc84,2
U979d816896eb5eaaa339e54cb8182561,2
U91d2f6cca70a120a6b47d9b4086b061c,2
Ud4a7e40494805f11d9339da44dd4824a,2
U498ca6a634e8ad2749958dde844d3f89,2
U6bd6bb6a01e71a970380cda79d55c198,2
Uf4aa3c5351826991d23ab7c6b0db5f47,2
Udcd0be5f8b18fc91efc2407652c151b2,2
Ubc74ab14c5b3aeb900683047bd46d9db,2
U024d274728693af8a679fcf62aaf7ce7,2
U6e12ee4dc8c6fd307a567808ad3e78c8,2
U30d0f8a6a6f457543756ff2e1b181c9f,2
Ucef08bb636134c6a0c9ea3bc33d58282,2
U99b2e1d3432e0211d062ff0b2b6176b9,2
Uc887066c299af76e0f29e2a53598e2b2,2
U255443f5cdb090c53c87a52d89dfad90,2
U67a3cb615e24347ac1021b8204941cb6,2
U9ad963e68d5db5b2036423ee635e2ae3,2
U1ae8e3cf5667b9bf72e2f513cff253a4,2
U480773533ca28f8d1f3308c2d716141f,2
U4e5f62bfc1a5510743c5070eb265fc44,2
U2c90e6f59985939374bc0f0545f18513,2
U6bc7668d6d668aa52dadf337826664ea,2
U574314a848b20d7c6b605e3bb1fadd0f,2
Ua3342f0ae217bbd2faac2661ce752fc3,2
U198120806b9023cb8177083f439fa35e,2
Uab405787881995e7f5e509f0ddad0b38,2
Uc48b1aad45870baec0cb4ae4b07168c5,2
Ufa62106c0bd1e2691163900c2112beea,2
Ud26d5a92ac6ffa0f9e1f35c827be9269,2
Ufd89da3119c88670e904a6ea0089cade,2
Uf381f3f4a265e438643e230a087cc3d5,2
Uc5c2a866043558df40435cf6c9229796,2
U1cf1c690c187ade4465a72b294b8d472,2
U5cd7a4e03a5971669e4dd10f32f07b4e,2
Uc40dc9a68a7b0aff46c1f1a077f0bded,2
U307f2dd581d09fbc3b42141c2394b931,2
U5a4d5f29d3307ab6f87380ec00f6dfec,2
Ud2b6b98cbd02eb1daac1e70374337c39,2
U4fa7381a8d3ed543cf72ca7d1e777b52,2
Ub88096ffea7520cf9184c12d0d3bb3cd,2
U71bd763984fe5624b1ea192ccdbc1a37,2
U4148ea1fdd6cbc5ad2b0ebb41741d172,2
U44fce43757bb54ab10e31bf045aa183c,2
U91a94fad43a0205c0549cd0adccbb87d,2
U2e6b028617bd4a525eb90268a1a0f4b6,2
U148a55611657d477a607072ac930de33,2
U811a796bfbe89a92745755028da4133a,2
U63367d66710f03679b4cdf826b1d865c,2
Ua97843562bcc392e544bcb8d52e840f5,2
Ub6068fda509fdf8a13deec90c22cb965,2
Uac0657b0fa1dfc132413c161f0124843,2
U08abfd460b415b752576ee89f3140283,2
U8e1b44408afbc46f526cee5d36d9b29d,2
U78b01c6857829b622d4d909e9361ec93,2
U9c03a61377e15a331d87011cf74e3f60,2
U1ad37b3024552e63fd8c4e81a3c22c2d,2
U5c9866012651b3ee2225b86750391c25,2
U427094d765effa59cc0a2b6b8c6e31dc,2
U52abde23aebe6ef95300790171ad5dd8,2
Udae18899583c3276cc611cf645af5eda,2
Ub9238e6ed0904382211689c32d4fc754,2
Ue8191933ecd64af470f70c84c0ba50ff,2
U2a746ae9e4e198982bc9e65674309b64,2
Uf0d46bfa595b3d382c0d1b8fa72a9d25,2
Ucf62343c604b124b41e097414f4acdd4,2
U9ed71a6722587936142cda97a0e5640b,2
U43cea85dfa87af182a3836468fb67eaf,2
U75c7c5607c5c97a4b40f1281845d4e8a,2
U3169b3093b7dd67074aaf10ca899ffa1,2
Ud821b0364a90ffb3e2a812db8c433c31,2
U952b58df2b54d1b3863741724b3f870a,2
U49fa82620331525233f93feb22af8609,2
Ucbdb787830f8cdad2b1e64aa901ed98b,2
U36b4dc44f0e256b77706d51aa6b00615,2
U322a8a79a3746c73fbd6b829f55be7e1,2
Udc365418beee200a49e46a7c819c3879,2
U19649e732f53d6a4810c8699cd0823a5,2
Ub9ec758298f610c5844948a26a2bbf76,2
U6cb9fad9c290f37c069a39e2da7da322,2
U54c54fa951dff75347fccd160a5be414,2
U4ec29601a9845d27a0389d375a5c029d,2
Uc50ebd53e4f5af056510c5db5fe7e3f6,2
U1a5798e2e161ba4fa329bdd52b7d5001,2
Ued0f68fbb102808528b95e0e6bf48bc8,2
U3341c0ce598f8ae341ccee0f275d70f9,2
U0f535747d731aa02fcc3bee26adf6c19,2
Ue18a4627e70e224b52b340a2f12335e6,2
Ucf38db9f2c9a3f8be4c6fcbf5a05e70f,2
Ufc09718fab2b3d9c07fdd02e28e8c434,2
U6ed7a4dc539fbe1214b57b3c97c0bf55,2
U29ad25925b364cb83253d6da230cac64,2
U23d8a6d85597d5f7e06042f232987b2e,2
Ub6aa033026d6a9278bd0f31164106c42,2
U42a0addd5b4ab0d54a56622836b9e0f7,2
U38d1450059a9c36cf0d8a66c2c22017a,2
U0bbffb08e2cecec2771e00bee852352c,2
U31e23046523839665267cac3d4ec0f28,2
Ueec4e32cd640923f37ad349dd6df4299,2
U788b088b14277303cecc026905fb2a48,2
U36a4213a7d1ea470433cc391fef2c73a,2
U2ba539069bcaf5252c877c8acf203148,2
U0d4b6e2f91ec6ac96fa1f778f4b4d351,2
Ua9bf3508c5c95dc196ca5fd45f60b044,2
Uedc7a35cbc0c90dceae5979251800ce9,2
U3cf98717daa8f5c15ed0cc996173ab4b,2
Udab03cd3705cb611ba26169267b0ebc8,2
Uc795c161becb8f31f54f72ef11f6a609,2
U6bf8d7daaa5e2f86f4e23571d2c7abde,2
Ue5a2a51e0131ebf7154e96a3c731fee8,2
U43a940bd4785ff7400d1a79622d6650e,2
U8ba737e12407e9deab18628169e418f1,2
Uc000b62ada8c57c3eb07c27d4b2cd22a,2
U456237ed55624a2c1d34fafd5399f689,2
U15c2352a6d2bdf15fa71f953cf712ba3,2
U55090bf75ed57bbea41576db5dd24a5e,2
U779f6b51a5faacc3105d783c66af7a2d,2
Uc82d7ac77d0df87104b9813244cc0427,2
Uf623b20ea3c7e4bd5deb673d1c9cde82,2
Ub2ac5709d927f8397fbbec9222d3a4f0,2
U8b5929d49db3c8adcb849de23722b294,2
Uc370d3cb12b7721b4539f72d18682953,2
U12366f54b2681c0f2fca6380f988514e,2
U0957de894d1262d23b6d83e680f228d0,2
Uebe79187a52cafe47217a719592364fd,2
Ub748dfa7cb89afae602713ff835c6362,2
Ud9bc4987a934947e726e7ef088c6bb64,2
U8d330fdea9eb0b52636439a716d9b9c4,2
Ua1911aea87f883b8d47efc378e725326,2
U05d22378d940ab7d7b609dcdcc9d6438,2
Ud3a926e6ed43de4b016ce5bd0fc86054,2
Uf24cff9048b96f1c657cd6e9620990ae,2
Uc5fcb7c38a5f01c8aa47efd0b0d1f84d,2
U390655262da0ac33c92b2e559e8ad59e,3
Uef00323bbbe2633a4e8b3bfc91591e63,3
U77f09496b15db8c470950784636cf58b,3
U7bbbdd95bb9625a08518bbca0cf89694,3
U4cdce0aac97f7d3ada3580124121aab4,3
U32b2c61f602a296a015537791be1ccd3,3
U8491668b20f2c42ce4a9b36c12c55bdf,3
Uc9beb1212dd076d13ba5865f79f2c9bb,3
Udf8788fff32d77b02bf89dfeb63e18c1,3
U8da4a8bace963e5f86c268cab777dbfb,3
Uf6f22c4d9b579d8f70b8c0a1b40b11f1,3
U4b99db7e48cc9b4bc6c456ed196fc1b6,3
U1df83d94fa797982e66e07ee9bc34bbf,3
U0b5a53e0dc1fd039ef57e2dc78845460,3
U985749a29d73fdeecc14f1f954222af7,3
U28ee7f1818eb866c19e499304204f28a,3
U6c814bdec6f33bcf3da56ac399210421,3
U06320e96e2f404eb9aa87873eb1d6ea9,3
U9fd132814b0a3ccbf750aa9bd819cf89,3
U15a5d000e488142c2f8d3a3f3bb68a21,3
U461376ffcf570ef841f1795d6da2dabc,3
Ue395d80fc534627a691cd6fd48fbdbf2,3
Uc5bcb396a1ec192c408de20752ef297b,3
U11679cf0cdad563463db71d89e05a6a1,3
U12c203096a951382d71ac5c3ba2dde17,3
Ud340c62a0f4c18b52855cddf120abf48,3
Uad0f3d36249c524f901216d424c06bad,3
Ud81cdfb3167888d9c2904dede74b9842,3
U8fb30e754a9fc555acf14e87a756acf9,3
Ud6cf39c09123166c5053085145f252f3,3
U3fa419c1438344ea3d4c697fbe3a941c,3
U61f690d744ecb94c297a54bdc0434801,3
Ue551fc550987bbaf17a05eda9f3cc1a5,3
U1cd9ac912521e39b42890b5e81eeacd5,3
U02471cafa0a1b92a57a100948416a38a,3
U9b9fa6091e4cff5345dc4d0355ea666c,3
U167a2ed513e60d2860acefbd3d17da52,3
U6ad608e86fb18d0426e4bbe2f6e1461a,3
U3f6b1ff24427323b3be162fe9eeeb466,3
U1d8cfca691970b24ba50cd0cafd5726e,3
U1a3d891273ad403d3694aaf62c14bba9,3
U704c557fed91113b900c3397b24a8f35,3
U43e27c433216c30eedfa80077da79708,3
Udd92cc3bdb1f505b9b2074f9fb10e4a2,3
Ua4019796e07b60bdbb3289ede79846ea,3
Udc6f48948d2e42caa509268bea556ab3,3
U6e1ef77a1a8f7a4da8a022f5907534ab,3
Udcadfd9eb0edaa73e4c72ceabf84b5bb,3
Ub9417db059af3c386379b4b29ccf39a0,3
U3a8fc8256c37bde5cd83f50a40fb9ced,3
Uc9a446cacb135e727122b663974919ab,3
U0ed4ca59b9f1def8dd2f4c49d46000b5,3
Ud3d6c66ec42363232911a8752bc29083,3
U1dc889044acb900331a9d1886cc97892,3
U795ffe93341c6f1d3981c67cd6dda969,3
U2d4e64109221d1be9ecd2412bc5115ef,3
Ud74307609f37740b158fc7b8c026d954,3
U0b79e453e1782a584a8b8d43ca7d62a6,3
U291333a8cd9df8fc4af802e87e63edc4,3
U84ef1357ecf50b601c0ebd76a77b624c,3
Udf28efd9c881a8893b3c35b0dc811ffe,3
U54bcf600add7898cd494523e7dfb15dc,3
U8a8fedab9e1af1a58fffe0861f4b537b,3
U4ae697718de5bfc614315306fff605a7,3
Ubfc8d06fc2de6f34c855262de0220a0d,3
U79d11eb27a8d8ea17e43c788a85c135f,3
U0443aaae945cee2d2f6539516845861e,3
U23fb409b9c303f831538ee014d072b70,3
Ue8ed9d148f4098ee4e3162902ee0388f,3
U686ea76fc8ea982369e95f6780a316f7,3
U2c88d9991838a60877a704c8bbc832ba,3
Uceec928c1ba975b45e2930b504b1fe41,3
Uacb4f02ae7258b3fb606138aae16be86,3
Uadede7cafbb631dc377fd3bb6c75cc0e,3
U726ae5185035fa053d0d5301e3dfc035,3
Uf267d0549a225627beb3378106e8805b,3
U59aa7817bf20fe89e1e5ca8d0d022b28,3
Uf1b560c5a431769431de1195ac5b3162,3
U95d72eedb0497d046cd43090a76302ec,3
U5d739725a2937e69b64bb2dabec2625d,3
U89e2cf9041e1d4880b5d2296ee8aa859,3
Ua86764f30cacedf69342e7c0e8156e3d,3
Uc135f9fe29786b07ffe28409a591067d,3
U3b4f1a204b7fe758f32078ad0d7b5277,3
Udf83d967fc1ab49fae4e7bd9554bbecb,3
Uca4f0b6dd447c35c3fedb7d2448bb287,3
U5f51e1fde3c936d963d2e1b0eade5795,3
U3c3ece9c2f83c56aff556aff0605eb10,3
U3a5b19a4d4e036567528eb9687bd8677,3
Ua05eba8e0ca1acaf6ee736bb0e8bd3d5,3
Ub158984ad87650a2e15607073905ca5a,3
U045f8de2d8df6a7206509c1246f1f14e,3
U106dcdf7396f3b49e22e17a4a997486d,3
Ufa85c7d0b69be93ddcc60afacf49c703,3
Ua4119aa9dbde1475a4c2ffb910e06b53,3
U51f7cb532e2bcd96662c85d9cd6d605c,3
Ub35c801841b2ea756c08b9e3c893376f,3
U9b44e750ca2ebec17d46ba4f270fea24,3
Ubb5b35b97aa5941db12cfbfc6385b545,3
Uf9e4c5db2927d4510566c92ae72c2569,3
U6b32863c6cc5a13b35b3ae208f9073c5,3
Ub58d48e8e3c27414979c4b486ca317b0,3
U6a39c4b372454d919a3ac2cdc07e29da,3
U819f9c711c510182b416e6764ad68a10,3
U2d1e1398af78ade0a09bcf14d268a543,3
Ucaa494db540bf59ee58ffcccca8039aa,3
U7faa6979f28b09d8d6a6e6987e8df84f,3
Ua442000c5f500bbfd6468f3b6798dfde,3
Ub555f3532648430eb4b953f8adf24827,3
U02ad8f77fe25d1a78803511d6b889bee,3
Uf2393f75fd780daf17d06c4af257cdfe,3
U11b30a8f8e0d1ea76c477432799417f6,3
U3d4b342429a9e4be590d8864e13e4429,3
Ua9747528eb7fa7ee2d63badde0ce7eab,3
U8cbf1420ca78fa5eebbe3aed92dd08b8,3
Ua71f65cad2ff91742d7a41f7d2a4e3bc,3
U019161e4175bc65df1f3d0ea790cbdb1,3
U9b68d55260c2b04459e8476f654e2fd3,3
Uc3d5d40dc904f912a22aa04612f15cd3,3
U41f8840500218af17da187dbb0240b86,3
Udb3e40d069a107635c9cbacba2dc52e2,3
U8a321d9bc1d1b5c26cb203580f00549a,3
U3ab2746cee1de9ce7d877c980761ffac,3
U92fce7d94311139eb65a1aa34bd9c550,3
Uddf529a406ee1b2bec071ad84a6582bb,3
U31a2339bf96c5245684e6a1a38de6c6f,3
U5db6d0b9b5a554b4dcd91869468454bc,3
U038fb2019deb13dbc2b48750f26de3e2,3
U16fbcb31128a63e1a70b9c1b79e990b9,3
U957cc91b73eb882ae309a028d2834869,3
U49d2e8686a9d35c6543e299e47ed3963,3
Uee72c0a6012f41bf39b290d5a1d56afb,3
Ua53c2e54bb8188621093bbe24a42176a,3
Ucfcabc2a761b306b9effa06a51cfe86a,3
Uc1686c614ba60983a1ca1d9ef0bd0703,3
U8c48ff1ecb838815ad5b2f0fb92ece52,3
Uae2ba97dead8dc816698b5672a9efd98,3
Uad252c746407bf08c6ed073a5f981c00,3
U13d4efb5cef16f5293a23c22ed73e9e3,3
U17802abb81b990b94666752b9a370203,3
U8cc27bd9489fbf223aaf5564368bdff1,3
U8683c06e4804f1153ddecfb0272ba903,3
Uce1c73e6e0fc0be5aebe655a7d0ff95b,3
U7b96015a51d46bf74a2145c022e9c539,3
Ufcfaf30539cf8d3750bb0486381c1a5e,3
U08142ee7bd930f97d25f133bbc8083df,3
Uc7472dd5073b73937af5a4f8286eb507,3
U5c8628c2dbffd0bea83e87198aec49df,3
U53f4d59b8f71943e052703a33dd7ab2b,3
U15b070b814785413ac4888d366d2b5aa,3
U5ebd2419c731e705272fc3490b6ce6b4,3
Ufedcefb04a436234522343c4eb7fb0fd,3
U3e81c1baf35793f3579685eb62eff3b2,3
U62ee11ceb32c1fb7574278f764624530,3
Uefcb209cc52855374243ca5d0f060da7,3
U147e0608f2f8f63d6acf008cb3bbfaff,3
U18eb60cb59ff93a42734bf573afde3c2,3
U0e243a92ba311a4dd51fdf3a45172c14,3
Uefd77f66b5c8c5aef085f7ab6688f27c,3
U4827255fdcd342f8ba53b4d69dad8a9c,3
Ua704637dcfb3244b7e39aa17416a8245,3
Ucb641bb1499b0e8376dc36b00467945b,3
Ub61368c85cade6a59afb693758c95822,3
U27a396ec8f1eae767583e878ede48aed,3
U4e447e04d63a191d19e701cd4041fe0d,3
U53d7700c117acf686241b1b6d0353762,3
U45c1f8b3d7b617415f3b976f5074fe20,3
Ud5255d312b85b853ab19276b5c269d96,3
Ub124dc9770cb80befe16496b95cdd34a,3
Uf0f3a9a687e719d4b3e79620badbd0a3,3
U42f315fc548cded48fd8fc9c719c4e82,3
Ub7acd0805b9af63a0b21393007c186f7,3
U8bf94f5ad9034b26e06d7a9f389186a5,3
Ub6e5981fa332cdb97ffa53443ef984fd,3
Ud1a44cde67e3580d8118aa5e3c1caab0,3
Ud6439fda28769e4c7d658958a79bd46e,3
U94987e42eb925093b6af9764bf3968b8,3
U8b778a9bdb7ea36e753b39b877387b0a,3
U7a91c86b6d0f872d6be0d826de6b5b49,3
U5dbab15348fedb682665a0aabbafd17f,3
U65287bbf3c8285cf86fab3b4e831105c,3
Uc2007c4cce4faa8ce4642aca476c90e4,3
Ude60b31a8b66b37dc0c2737f7742f074,3
U0856f5aeb0c62594b5516a7a9d81375e,3
Ua2df1e3af89db4a77e06e119f19f1fb0,3
U24deebefb4cf0dbe82ed615c82b97664,3
U7a3ede564b57f397e72996727d5c293e,3
U4963f89a3271128354648a4ef6e82d70,3
Ufa739c226cb0c059279f9f654539616d,3
U43733dacf6716bb238b52d32059eebae,3
U551e0befffc5354697bc0a89417afc16,3
U43d0b72365383130b8344b68a4990076,3
Udc9850fcb53f24831042584387b0e894,3
U3d4dcadd2100899e1792fa51403e57ae,3
U93101c1e8a016c31b84a591541aedc1c,3
U5181119eefb83accc0bd7508b510c0c0,3
U9e00f4aed92bebe17c924aef869eaff9,3
Ue25578e8764734cbbb65ae929342aef1,3
Ud4267f7e0260bc4ac1938abd0c051b53,3
U5f3850054f64bdaa4ffae688907399d2,3
Ufba4fbc3e30e7524e9763e9882c18f4b,3
U588684c0962c89253573d5c490eb85b2,3
Ub42f7a2d8d086a6ab5d50f99de9b60dd,3
U0e2d51a15471e255e68aac3418d21669,3
U20ce4788e03547890f5243b61b6241f4,3
U630c8c0432fddf139bfbdbb10547b275,3
Ubbba09edc8a41e33d96b86f085b77e37,3
U2695c953d8432e27a3d68972bdf8c24b,3
Uaaaeda9126f551bfe39c7e43e3e49a72,3
U06c6cbf5b859eaf2900db9cea0604101,3
U764d1e0191897815c61ed3f6f49fca00,3
U0f9ac114af4ca9ee6452014a990896be,3
U200ef8453d89e4cb7d6f5355832bb66e,3
U027ea5c74d5343237234946344d10725,3
U644afa2a1d4d28b54ac410d8cb6f245a,3
Uf71b8579cce23889ee060ee498c1846f,3
U8ecca35425f8589659ad1d81043f5463,3
U6a29f9e7182b8bde189e2df6ae08dc73,3
Ufc35fa366a73e9fb2f348f085da78ac6,3
Ub47855b4796db6a07545a96d0b95b63f,3
U0269df0c8d4415bb6b4db5949d36bb03,3
Uc428c964e2b5fe95d61f85a912610720,3
Ub43474d1c75b1ad52930d709342d588d,3
U98129d06898b85eb24b9abdc5b0fb3b6,3
Ua747b4306232b0929f4e668cd4fc0239,3
Ua606552830a767b0666aec060a5b35bb,3
U64aad4ff8bc2318f0e0f5bdb53721be1,3
Ua7a4aaf189a53dac7b5227f8a1c183af,3
U186daa10bf8f687d2cdec80e7cbd8461,3
U9c4086bdb830ae28478c50e7caa109c2,3
Ued7fe5ad6145bc5cb5b91a998f9871af,3
U2dc0d6d5f0adf49bf2738b0b98d9de60,3
Uad9f368d35d20d2455649e19956be2ea,3
U4374a337041ecb741de71316ee139294,3
U5a4e58c4501d85b70e2fd2d6e4b19d48,3
Ud4683dea7a2dd8fd59180e6a8a26141a,3
U420c6b5bdb4c1c3e9abdb317035b99bf,3
Ue58e0134c150a24b033164d63ae28230,3
Ue7b2616c89be667c8a5793d012e082a4,3
Uba856b957211b7d90f1d086bf3b0e9ec,3
U4cf17043d8b5b0bee40a593bc0d48ec8,3
Uae7626c517a2197da3af145e761a24df,3
U9b3217cca49c4e1b3fc55b62fb6ce6a6,3
U6d621b9ea6c4f2d3ccd9da733c52e92e,3
U8a187ed1ccbeb6b966946e05ed41fbcc,3
Ude38d57f674cd4f2b2bc26698c2ed469,3
Uf524efbdf4ebc980f0f181e9e0e70012,3
U8bc677c100a5e993075ecd66417e3154,3
U126f9bf59537c0e194816dce360587a4,3
U9f2ddf1a5ccc41507e7575fc2e32e5dd,3
Uc0e4381ff083e22b014f727c9752c76f,3
U1c0ebeb6a79a277c5f6f6f518d179818,3
U9d914334f13a21db521d74a37860ef17,3
Ua5848f2192b26892e2d90ef6935c5499,3
Ud2fba8c7b47a7b8a38396233a5843f6a,3
U820f5725c3ff4161c072d355dc8260e3,3
Ufd0229e41635b018d2f2ee2bbae65252,3
U337814a22866fb75e5ae8d7ac936d02f,3
U106a1b9058dea7ca3f2b529b286afaf0,3
U603bbd562f9b0b04457828a379782306,3
U6af4fb7be9bfd2f08569b02f8c831862,3
Ucfc89b9e80c33d7a365005c20554c74a,3
U34e1a79d0fce07a66c2206048396bbca,3
Uaa360eb5b1a8d6200493e9500314033b,3
Uc67c75ef82b6cf0470788a17dbd5336c,3
U07e92e1d7e2433f3287d83ffe3f54e7c,3
U33b34ddeb56925d1de9f64d6d700e92c,3
U8d1b7a76eb9071c1bc35fe9e2ba54fad,3
U0341db91e2ba5b2f22e481343506382c,3
Ue6c0e0761f274f43aa7db71c443f805f,3
U56c992ea82339067910c6701d0441eb2,3
Uf7b2572d09fdd30f767e676043d22bd9,3
U266d59b94a577f4e59d498e599f2626b,3
U7d23ac9cdcd50eece686c0ddf184fdaf,3
Uadafe042d613ce3cd438ae54219f849d,3
U6c8e5c02a3650bbdc2f1140ab6fe20fb,3
Ue11285bc4bfd42da3e70313e4087664e,3
Uc8f8a3331b14a8c83d010d79c60c36b6,3
Ue4b0f1182e42f8fd717ded271a115ea5,3
Ua450f26519939e90f4ec1f1abe0a8536,3
Ubaca6ecf98ee7b22ae1b011f73b4bf73,3
Ub893128e1c4d850ec1696af22b290041,3
Ud2c70d2b15c38d131eb48efa330150ed,3
Uc4e385c881420861544eedeaef5961bb,3
Ue4014c6332ce14de123be0eb50929c3e,3
U66514c530d0a1beb70fb07654e9d0992,3
Ucf6ab0c2b9d71b4a8de580e6340be509,3
U4a5db5a99850c5b77f4416cd827d012b,3
Ubc46bbfecb875a5b78bbfc3c16093c50,3
Uff2fe447a8c158648cc36b769bcb7c81,3
Ud44b08d214a9ffd8e0e1b86289712954,3
U710c96cb382e9f92a0a03d92912a130c,3
U443473d149e82d2dc01737f7721f583b,3
Ub7577f1ebf82642427814d825667ead7,3
Ub8a0a352231fd3485a77ad89d4a77e04,3
U9001fe71fde54adcad2cf6e754f2cd18,3
Ucb7fa27a17d32de96f791b6354969447,3
Ua9c33fc9dc1bb919ef1eb1ff5e15d544,3
U590504a1af4c8b5710cfa2ee3d7a4509,3
U6760c05cfaeb32427438d99105d6fa45,3
U3ceaaefcad18dea85ae56a29b1cb9449,3
Ue029b1e33731fb32a969e4f2b0b8c0cd,3
U7c27bcf6825a1f932773ecb7e31f4abc,3
U33d52e537a12b2cffaf87aef6f50581c,3
Ue30b97d16328ea063061705e96491001,3
U2e867b832b83ed1f8be5aeb16d1dc320,3
U4140ab0c59eaee8784a17a6e41cfa495,3
U72629adf2dd8ad4b5a7d99ee8655312c,3
Uc59781ddd6fa47c61ce60a3fcede1a40,3
Ueec9d0f116697b17fdb603fb9652ef00,3
U2b0dc661aecc739e7bb9ea7d60715f55,3
U9857a65356300997d75da2b57d00d97d,3
U929bef6e34cf940b38a47812f5fe817e,3
U5528dcbd43f42f5ed51b8b356fa8f31a,3
U55872abd87c399307c9143d5d2975835,3
Uccad947d95d87d996fb24529f9c71c55,3
U63de762fcc9aa74503edcc4ff9556f0f,3
U5839baea9d2a99977e57a016ac9e8788,3
U450d8ab00382680939f5ebb0905f5e69,3
U8f38fe96a2b1a6962720a605fc52ac1e,3
U3f5e7757466182f3750380dbf86105cd,3
U008a0a40115e646cb71f0ac7b97242a3,3
Ud1357d58588f17c8f7db8d60701840f3,3
U0d5e1eaf8e5763838fb5a57ec2383408,3
Ue3e157b10cdf3e10551be0c39412d7b7,3
Ufb2615054bc5f8060d8188c24837f8af,3
Ub62706559c29dd1ad32fe3e233771d4b,3
U5add328c1d638f53ef93dff67bcdadbc,3
U31a5e88988499d2f36ab22cee983d8ca,3
Ue835a0391572fba320f30cc7ba23f9f0,3
U592ea2953d6cd1ccb7e55b39ac25d125,3
U69b2fbcef221f05dc8db6fb97e31844e,3
U5c0e5006ae98b9af6defcdd3edc9e5f9,3
U3875d9c5840726c867f6da7f1c36cc12,3
U8d6ac2a2d843c39854c845298faec8f2,3
U25a9d38b1da445f1857698996e96a3f9,3
Uf2f141c93cc5be17443a079e7b5f45a6,3
Uab77a7fa366bc8a1bbfcab11c2b13770,3
U1c9628aa5331f9c54de11802c9524116,3
Ucf441310a60fb3f0349d525a716b1b72,3
U26a8ae5b158b7347236cfb2a751df14c,3
U6168b6e4415d87aa92462069271846c5,3
U56c760f3cfd0c7088ac2d83f66055d5f,3
U374b5e36458123de5b46f3b617af4a32,3
Udabebb10a13b1c16f41dd61d7ef4c925,3
U903133cd7986be9acc836d9626726788,3
U82ca59df9d3d7785e52f71f84b58eba6,3
Ua0c3bedff6a623d6eae947a030dd3029,3
U819b22a1bddf6b1e7a14250039bf392b,3
U44a51ebd3dea63749e41d9836d4cdb33,3
U105e6b89ee80cab726e68f6ea8cc051e,3
U8da8b807f13725cabc552457ea651bd6,3
U595814c7a947162c916dec5a260009d6,3
U32f8affed39e5198030289629f703e42,3
U849067e145238c03472d26823af4450b,3
U76c91d61ffb33eb1a2cfc7a6d5a7775d,3
Ub95865458bd837a5e1f46c307b984edd,3
U46391ebc3c868c7fedfa76b709bb048f,3
U00ae9ef55492f27bd7979f79f1d46e42,3
Ue90fc98b2485828c86791ebdd6cbd398,3
U3f3694097c0ee61c060d8572602f5477,3
Uac4a060a4300be9abe76db8f10054473,3
U76595df406ebc33af3e49976a25b1b0b,3
Uc99a1c40bb0fe9e8ed403b48ae70f00b,3
U3af8aae8f896f064173b2583c958039e,3
U10d77c987e36a77ca7e248e628f7e823,3
U36ec0994a68f10106df1e671e1850135,3
Uef42d932d4ded5e0361687ad189165f1,3
Uc62925e392f44a6890765f0c8bf02abe,4
U3661ceecbe41270c2f5d889e32c0b7f9,4
U9a073a51739cd9a2349b0a52eb61c5a2,4
U7b0606202478f8fa7bb6e716d3a217a6,4
U5ec20eec07c269e879eecddf3223529b,4
U56818d8a953d2ba680792514220c2666,4
Uf168cb54f70abc0d4c76c35de2bfec11,4
Ucd400fa72050ffb37eaf886a1eaab2ef,4
U2e866bf26a25599be15a3ee613c77817,4
Ub94d66b691a7b3f7fdb1d6d7377efe8a,4
Ucda14e467c220dd1ed240152e0b82317,4
U41318215561eadf0f10ba0626d8593d6,4
U5cd99e414a6c6e366aaf7ab89bdb4932,4
Ud3c7c555df71d93b2147f419407024bd,4
U24381996f2baeae7608e930b72fa882b,4
Uc0313ec99c0d6f781e067b4dba15c19e,4
U2ae4d79b9c53ff7db9cb21c478348c26,4
Udf1906d9c4f9f2b2a2d97c4c58bbab75,4
Uf78f3b244fa2b7d0203cea1bf80ca813,4
U1477424ebbfeda1f3501cfe80e2dd9ae,4
U4654da14fe8d103ec8cf285af561f0ff,4
U1816fc3721acdfcbdcda195a778a2cde,4
U5c1ab01486619c0cfda61c8a11098f5d,4
U6b37ef2b8de48a5629d26b2d04e67bf4,4
U2b58a7d1df11f05ec325cadef9439085,4
U9272777127c2f2c98a2bddf65de3a8af,4
U974667c3e54c9d3d639f6bbbf5db61b7,4
U4f3e0a91bdf47a180888562595905b1b,4
U30036ede117fb3e82bdfd96cb752d210,4
U2776833bbe6cfae5f61a8d04d64674bc,4
Ua713ee2320371e822b5d56fa84a95edb,4
U0ea0453c95be66849d82a3b8934d07b0,4
U037eac3d7ca67e8eb358aa32852419f4,4
U06e6a087e8e7acc6846842f59025c195,4
U56d47379b097a5bc22738005eb59193e,4
U8f50ec2258305c69d37dfb34bd960585,4
U348995262fc45c789ee2651ad0cef5ec,4
U28b7ddf3260c2b8927fcd8e34a2dbfc5,4
U023b8b71d893151c6383f21b73fef32e,4
U762ca085ae29bdf6d807949aea1b50d3,4
U7209b971a2f0a8a4a368c41f0af23355,4
U4dd33ab95ed57ee1a8f54197f29c6ba7,4
U1cd92ae4970fcc2ffe1295316ac17f80,4
U1ae167f884cc52e304407e7d0c1d8114,4
Ub68b61cc330d47d88650384a64141837,4
Uaf79fe1434ce66f4cca071c32383eddd,4
U695665e9141e2cfe418f028aff3b0384,4
Ub9bc09d41f32ae131355e2ef1d9ee0f2,4
Ua3ce1e22ef512dcd07e3688280ce03d7,4
Ud998ec0e283fc30cb5fee354ea3e89f7,4
Ud33f694dd79d8e9310a4501ae44e886a,4
Ua924542c4f6abd03e1466bedfec96bac,4
Uc872649f787f5f1afd189834a8c7d124,4
U584484a5e26cbd8eaf5c3146f35c2cd4,4
U6c6998cb183363926556cb8637d973d1,4
Ud804515223667d9577a7713e5bea5bc5,4
Uf17428df437192b1f3aceedb1bbde0d9,4
Ucbfb0d39a49669355ef2032e249b31fd,4
U8d3579914e36eb452a2d1fca562c4e7a,4
U59356bedff0af07780ad623bdf0a9404,4
U5f7ab9631b985fe05a8dbcac29a6bc00,4
U9f6d1fddaa0ef86fab9dedd8d3d6314e,4
Ucf857e7d0a4b2f5215057511f7e35cd7,4
Uf0766df7c32dea1f069cc1626d588d2d,4
U4baf5741d73a203936ce3d99eba4addb,4
Ucbc8158094fb8b40ddd45f70a7d7e34f,4
U84f3bdbddd7358f07bca210a05e71927,4
Ua98ba748288e5680db623ba78522caad,4
Ued6725d8abbb4a737be0fb916928f767,4
Uf4cc8f46c8edef09142faf683c17721c,4
Ud9e8b887ed4e99c3eaecd029352896d7,4
U49c64383d9be0e495db9c09a520598b3,4
Uc4454780b2ba502fd2094b0153a5da90,4
Ue2d89c71949bb964d2ef23e9d9097dcb,4
U8ca676f8f8e2ca6435e56c44bcdb1c68,4
U034022bf061394191359bb9b6701199b,4
U37efbc89f07924bc3c102194e3378cab,4
U7288db2b2e5c1290faf910fb82826e05,4
U59994bfb74026bd98e0eb7de1b7352f7,4
U652c9f1f6404a9a14e847c695e6114ff,4
U4930bda6827049cfc2d4613e52bca0c6,4
U8044cab18b052cd95a1085f2821c6b42,4
U93935439e4e9ccc6cec31e1ade9f6e16,4
Ua7dbb257b9e46e50bfb7c86a374a0736,4
Ud72162c04f8cdfb8c74bfcb3fb5466a2,4
U703108473ba74068a99926fffc378ea0,4
U429660f885b9b6e7e6766aab17e091c4,4
U30d8bac03be830b7bb1604abed9804e9,4
U785b2930a4b512b82f0a9e01ff69b87f,4
Ub3d7cf96798df2b1754916fa772fec69,4
Uff8907fb0fee82b18f968bc29a0dd479,4
U6d4c1ea71a5e059523b93523eeb8fb05,4
U5f7c9974fe68297caf0dbdb022f8fe43,4
U183688cd9f43456167d794abea9d22ba,4
U13cf3797eb8b2e06bce2a4fe8b05d5db,4
Uf8989b5797d1f1dae21ee8edaae33e3e,4
U9c72a48eed09cee239f253171e892f42,4
Udcc8e0b8acf34a6c45289d91a118c677,4
Uebdb87b5abf320816063ae420e05d542,4
U35fd3df952ece5df3f27a7d2398d50d6,4
Udefd6328f4538fa3e7b8594186c54a61,4
Ucafe04de7c227bc2cb0998aa6b6f7662,4
U97e2f9c90a1b02a45c83274cda3a9fbe,4
U59d9a89c5bac51b670315856afa37dc2,4
U8b9cb10957dd7e2014522822ddad3f38,4
U36c92fbb8014f414d646c0b5a9213164,4
Ub76066d360edef41fd5da659cd9729a5,4
U29c817f2dc9e4da72d0c02c64484a1f1,4
Ub9ae3857db52df334bddbabdb582615f,4
U87c1bd2ee9937ca32f263cef48bc110d,4
U452998712cb697c7f0090c9f328f83a1,4
Ucf008b24877b24b22cc011490d1bc1d8,4
U8e82f437e741cd1f1212238361054fa9,4
Uc7dcb61e4bb7b255247d59aa42629ac0,4
U9b094178f088e41a23f4953ea7fd3572,4
Ub81d04c30fbe2f9b611f4b17014eab42,4
U5e349dc542842139755972fffe7c5435,4
Uc7990c226732e63568fc749888d4124d,4
U2714d8f5b575fca384bde6c6f253d4b0,4
U2311846b5f4c68cb97a77ecac8d2b151,4
Uec7c0067f219ad8d44a201bcb080a05e,4
Uc10e467a8433b78dc38996aeaaf83e74,4
U637876fe3305dc1853cb47d36745c3d6,4
Ud4fedede3420e8e1301676dc06cc4931,4
Uc15a7ba5eb44ab32e464bfde67ebf739,4
Ub31132d0cafd0b85f2e236131aa92aeb,4
U7515123500728d6ded6c8dc1814ead09,4
U91dda3aa9a0c44505ccebef3cb337ab0,4
Ud58d54a7221f9bd9439b524e6de972dc,4
Uf8ad57139d8b2f881bc62f288fcd55f9,4
U728ee961e41e41801354a0d5af3f7400,4
U9b1a8b548a039beb3f28f7d094d0c987,4
Ub866a5d2c2c6ea2e83fa5f0be261b857,4
Ue77f81d8a00a9b483cfa47bf3b375c93,4
Ubf62de1d0f24e129a6480d1c502190e8,4
Uc38bd4173300659c7471ec76e2612966,4
Udb1be09b67bad20a9053540673748045,4
U61c07c22fb45558123b819b4cebc5b68,4
Ud764a79458d92013329f0617bd6e354c,4
Ue68dc9359dc35b48ee23e7d0d00add69,4
U5b46b923e1cf700a7c8ed01c77f40f30,4
Uf01b36cf22f575561aab05aa6f41047a,4
U29ebead458c69b17064b21be3b9ed841,4
Uec22f7bd85d93a7226eb59b8e1c31328,4
U49c16f17a4a5d15cb85efca36ced5c00,4
Udd3973cf21da4a8a7adcb2ef58bfd7c0,4
U8fc7d354977bfd60341313c38c1cbf99,4
U7f862c081151471b7777d933d131bf8c,4
U3a66b882b09ed960b4f02ba83997a3f6,4
Ue022cd66a8e1cc2fc1bc477494acad88,4
U92fd0aee1acae8e9d429343d756f5bb4,4
U00f3f04119db1117f30956e86b80183a,4
Uf55a0542d87906d69e2a466d181bd30f,4
Ufce1c5e73885963807479f704e7877ef,4
U91b7d9363015f4b02039521a7fe1fd1b,4
Ue143c17680c3e01a6d3b05073a5cd3fa,5
U6d41486339d7105aa6089ae0970e8463,5
U5f593fff341ccfa519321691c4a8a9bf,5
Ufa3f23018511c1fc3f1861e9bf89c309,5
Uadc0e3007b295f597f2fbfaaacf192fe,5
U368dd2cf770ddba4b3f56accf0bdf7b6,5
U9afe66e65359fc24362fd68e6fa42f22,5
U17f8f21b0b35496f1877cf1f52c03525,5
Uf1bbce1710146e34fe796b9130c51465,5
U024138df4238671c020f6a2f05ae50ef,5
U5b5751d8fdf3a6b2d8c984d873bae8c7,5
U787ce9be9e15ba78c92355dc55c2fdee,5
Uaa7ee801c6b582d68e212523a22d88a9,5
U94742a8c9915adb1f74b151ea64aa5a6,5
U5471f4299d636739fbd76d13fcf5c885,5
U7a4bde9a489f4bcd75cd334589b3c40f,5
Uc952137746dcee1fd3a2de56963af82b,5
Udaa8b0cea59593b0e8eae33692a70480,5
U69ec3dafd47cce49c9b2e3bc00fafc6d,5
U868d5b0d9c9a0e4c8aad3785d13f84de,5
Ub9aa9fcc16a5eb87560790b19f558706,5
Ud3d29b1ea0a72db3b3a075f0119a0069,5
U2a75f593a52291cd71210943a7ca5404,5
Ud66c948e4d9845a002e0d20c2f0dcd85,5
U11f5fbb2d203e58ea537d0088d863d18,5
U249737c2344ba45b71593ecf2147e959,5
U28e20ed4d5bc0f02f2a8bbcc786d00da,5
Uef23df88c62e0fcb228c59bf40370fd9,5
U87e50e7a0a6d792fef72def2068e53d6,5
U84d3c4ae26415790039e9a998a1b7738,5
Uc67eb8ffc089f6d4e3c864c7cf511cfd,5
U445721e74309bfabcc1dde6af00d9db4,5
U655fe281e896c574306391efa8a160e5,5
U15631d86e1a69cceda2dd5adb029e20c,5
U59b1a13198efb4570fb8307cce09e62a,5
U8803b5760cb82a692077dbdd5fe59372,5
U49b2a2c60916cee7f04acc7b98824c25,5
U7f226ad8d6ab0155a612fdb76368f500,5
Ua4e3f742baead1222501d85fe25c0f57,5
U725190fd2be44f4092caa5907cf8c86b,5
U05a4a8e2fbe3caf933d5f7217631bdc6,5
U0426b6a9c13f5baab81fc7ac7f87c276,5
U3d24d5340d63076805c61391dfaf8119,5
U88edc1fca44434d23df6d95f0d763cd5,5
Ufa973af2b35a14c0edd55ce6213ca8a2,5
U152f23722df7c3defd903e30176eda11,5
U5650ce45ded0f580193738df825fd219,5
U601ab084ed5d9f321e42dd7bfb2d4b31,5
U5fc2101533e977eef224eec104469fed,5
U4372fb1a8ca1886149ae8b87970a1e81,5
U1119f015de27f0eb23e4b124d7aefa8c,5
Ue3667ea9a0bd141c3927b4cdaf353fa5,5
U2288108ca2e635f66bfd438031da0b49,5
Ucd2dcaa7ef2be697b69b3ce24b688b37,5
U082b398ffdbec4a4741259d62b7ea74e,5
U7b3697f3cf17fd8b5fbdf43ac56333f9,5
U255cf80747e070d6a0b64365e934fbbf,5
Uf4b1e87922293465ea089785ae0fec0e,5
U3880ab5f9170707c144b11bd56820815,5
U66713b664758f5e30cbfa46df4298d51,5
U981893f479ddf3010d9e5bff183489eb,5
U82c856a8f4450412cfc2a5ca2a075541,5
Ubc742ca558a2f5d353c4f1e70e68197a,5
Ud60e4db2f634e963810d40380f0de0f2,5
U9e09bda518dcf9e9292d1db2c71f3e43,5
U979aea308c785a29e1a4484637b76dac,5
Ud67f0c47818bccd14d8da8f4856a5e10,5
Uc7a9010421f1c804ceda8684e386a44f,5
U993cb3e6d082736ee47ae27cd00b98ae,5
Ud6c027800c101a3dcc210c53c5c67401,5
U399493320a6a801fcd32159d6703c0eb,5
U82124031e5863d37a094a948263f6eae,5
Udaae7e234af780dfd490a86d2a3015b1,5
Ue80815034d598b668558b04cee547379,5
Ud019b5b2b679cb97fb2c80a6dc57de25,5
Ua5646ba30a1971bee4ca37d94f47c7ba,5
Ua880597abc7e0494adb917ccdccb6825,5
Ua332f057cbd1e30c9ebcff4350fb1824,5
U315fe6ddca8c412336ee568ea9a8ff20,5
U3b95d7b757f3c3707098f6729fd36092,5
Ubd5b92fc9579e6c74004b6ea16b5f7bd,5
Uc98351daf00fc107322e8df5f8086080,5
Uba4ab3e76a925282ded59a509eb76243,5
U3feb907ef5b7dbfde008a79af81edbfc,5
U26a7060c393507916a926ba45e168253,5
Ue7add5271bc8efc57e4ed6a22d8ab579,5
U23683fedcbe04795d54608ac2528f9fc,6
U6d7cb21ed12279b6ef62bda5a06630b1,6
U9e0e13b62f73c1422cce10e1bb14de1e,6
U34f6cf9d4c05e45d5f68e0607705cf61,6
Uec85a3b0f30e89b30179f0c5febe740b,6
U0006ca8b67d5cd6e413d7bff989bbb65,6
U18689080e6e2761774c1c7ef66af3916,6
U6dc6a589affb5a15b1d5082d232c550d,6
U537a363fb0f99048940f01179ae27c9a,6
U187d553393e0d1626012e19c8368785d,6
Ub9e1c202d77eeef2b6689e5ce6a574f6,6
Ub4622530fc6a2bead91e35bfb2aca0c8,6
U0c53363004ac4a6d8a3ca8efa0df8610,6
U4ad150efb878886d9732b05ed9265071,6
Uf43060ba92238dc3100092a179206a8f,6
U8edd0f7ba21f17627c3ff609d6fccd56,6
U4e2c34e850816555b7574ffbeea07398,6
U0396437a33dc3f96aa047018b36b864a,6
Uf5e9e5c0e69172b52b0ebba0c5fb718a,6
Uf00cdd259ed9ec1f8057690a481b0624,6
U0f43c46047972b22ea7b5149f062ab45,6
Uab3875cea8d62d638909650438b6be15,6
U5f5922f5b506cc46399b04aa1a65b689,6
U385fbbaff72cdeacd80f610ba1a83747,6
Ua60a2e445d9497f8135daadef16dbbb4,6
Ue34c1dbd0cd6cf30cee3503bf6611d42,6
U2179dc3f931e2225fd93c50bb4ca83e5,6
U72589490e81cecc124358ec8f8cae9df,6
U1edeaedb8161f5fa649f4dd9b77c872d,6
Ua7da3489c26c03827b2779b94b0cb801,6
Ubfa5c6bf37c31f4f51f87d13b66a8abd,6
U36e4faace10c15fee8cb06090ce06c5e,6
Uc769b3ea5217d34f2fcbf1a5c014ac74,6
U6248938e998a8dadd168be4a87888a96,6
Udc8e3b6828c8cb648fe700fb202c3a69,6
U146bfb1bf1503694f98ea84095e0f676,6
Uae6476928f2dbe83fc3b3a074ddac3b0,6
U564a2183eabf3531d6da1461f1175b04,6
U51f705bf05654d12eca82101e88e7f21,6
Ud9a3a8852b63cc54a89d8f68144a13c6,6
Ubc2f11e5cb4ec3a7601bf370a666704e,6
U60264b363c67150bd8673e1ebb250704,6
U6d32ee0bd82def0643353332dc11a6e5,6
U14bdbbc778695a6b7180ecd3c9871683,6
U1676c47638628ff952acdc49403a7508,6
U185ee936c3ff0687baa1b8ca90576dd8,6
Uc5b776baa15c3829d2bee57ede5a5fd7,6
U15f6c53315482420e598df09f9ee3019,6
U98245d951dbdabf6315972780df0986a,6
U6c5465934ad772f457aa7c164c8fcd2a,6
U189bd5f1b070827880c009f017d09083,6
U4faae9465cef0ef65c0ae1d6def6b41c,6
U09701163ec5442d92dddb11faac79577,6
Ub14f214dd80bf67f16575069f3315dae,6
Uc2ea02d4dcf3d33d7ffcd75da29fab36,6
U0cc8c4b91d509a0c25adc74a7f5d1084,7
U9628429b3f71585fdcd31fcfbc4ee2b3,7
U2b0c2081c69d682f0a9254200466d203,7
U51152855926a6921d26c2a1f6008a442,7
U7d547b7eee11a2cea30f83ad799c1c3d,7
Uf2fe11bb0772cdf1b9af8a14b8c7ee72,7
U95cc8137103de85d0188438123d499e4,7
U521d76de4a7de2aa354ddc44709754c3,7
U1619f55c1f3ea2b3b906a1380a9a8856,7
Uc70bd1a8602f6f8bc3aec83d8c60a687,7
Ud68a189770dc4f27c5e411d6808c7e02,7
U9a9139c2568aded3d623f3e62d2fa06d,7
U503c3f92a434bc6c3038af5a523cc1ed,7
U9af8382600c30cdef562936fdf07df5a,7
U03dcae07dcff04974218b9674cee19a9,7
U5fc64c0078041d16025780f92bed016d,7
Uf15f72e07bde358908d56453c5ebd499,7
U0522e3287c632568d33e32eaf2d4ff47,7
U0f214997a74ef6b37490181858f504a7,7
U699f7deba56087bdad2c596d3c3ee2f4,7
Ua6e83c3e202175e3823c1b9fa00daab8,7
U1fdbf298cbe616647f09e96dc2931d80,7
U9c671895cb0d6a32037ea3ea677e041f,7
Ucbaa4b93c428ed3e2a3bfada17ce618b,7
U7ed131ab01aa9aa581fb63d080ec8f3c,7
U5bdacb6369fbed8d376ac742585808be,7
U665a470ebf62a90c7387ab91a8921139,7
U89297562ccbe279e45dc94ef245eb207,7
U1378a8e2cd34c8d0a77c02d91f999069,7
U4be544f6d2680d60c74f54b5db49823b,7
Ub363ba332e18fa427357bb94f9282e35,7
U060d6dd7a889c077e31a68395ff200f8,7
U712abcb20a0703921b7d5dd72db4db96,7
U13b447830ba05f433a4bd349ec0634e2,7
Ua822f6afac6ffc8ebb6956098e37e948,7
U76f3b9842bf027ad35a49291845ebd1f,7
U8637dddd3867814f76b1f76dc26a6400,7
Ufa01fdf099ce73df8d7c8d90a2685db5,7
U1c83db3f8c668def751a0e22c0882282,7
U99971f0eb573dfed69bf1a3b36b3fec7,7
Ub5429f86365258cc8fdcdd29b3352d70,7
Ue0e7a58f0555af45517704f4c0cd2133,7
Ua6c63472d0ad9766971f83ffd7cce9a4,7
U1cdccbdf0f2d9f36a038711028ee0613,7
U0331f654cad8246c9cc1d56b75870e77,7
U860482ece11e2552c508cf81ff1cc291,8
U56ea29afcef9a71b5016832397d9494b,8
U2acafb7f61fcbe3fcd71f311d3fb18d9,8
U463a092a33d6a42c1e1d2ae12237c36d,8
Ude160f94ff9e3be15d62052e786edd80,8
U89d27e863f84007e51ff61ede14d5c8e,8
Ua8602cbd3a8a8ba24008725cda03b777,8
Uc88e60e241947b485b9fcd1f3a651a54,8
Ubaaec69befffaeee7f08043e4846e517,8
U750b3d1fb966d8802f8af86742be2075,8
U94bed2269ceb6288ba4b72aaff4cbd3c,8
U776e4808f65f28b88537714f9f8d8d58,8
U0ee3306328980ab30bcd2964cd2851e2,8
U16f1883f64454642de822992fa557bd8,8
Ua41c6bdc6be2d74e947c7a7273b84fda,8
U4220a5ee7620a0ba3355ea91ec035c4b,8
U94e6fd9c7e5e28001c0bc97e2607dfe7,8
U85a8e08dbd674e0ef971cec5255b56c2,8
Udadd42a5064ba8e975f7f16e5a866b22,8
Ubda42de53f756bba411bf6a3b3b5a926,8
U43a7700b66eaec684cba6532d2d7f403,8
U72226078faef5ca013de6b0d550f0314,8
U3e9154821bb1211b4208949c7b0555d0,8
U6ccd01eb8d002dae89e8d07b757ab33d,8
Uda3d17bc07cca8634c66e4723b2c0083,8
U537efb131d51a7e4a7ddfa393e3622e5,8
U9988e0f2f7e066a86d0740be2688f6bf,8
U86f6f0973c0d8626b6f15f07641d93e7,8
Ufc9df9a070d4448c30379d2125af9b94,8
U2d40e85c55205e533415a2ab1d2ddc7e,8
Ue73f9596e47df4af463dee363376b79a,9
U7170a3e7ad719aa1864bbd77d081ba2c,9
U608fdb5adc3be2d7805bb5cf1fd1a8de,9
U2c6cf9e9689849a0d2bb1ee9b4cf1465,9
U7afad0fc44a3faa825d17cc9dec31f82,9
U7fdb10be51aec814bab208402587c96b,9
U1c8396ee93312e01238d5d286a2cb850,9
Uf19f898ee29cf8a2badc9e99387239df,9
U9f71e594814328d60236dc9e6905cf39,9
U182f2460abeb093dfdd8d920ea7a9f0c,9
U33691398d4e98dff75a661005a0c2af0,9
U5a73ffdb009b277578becdfb91e07948,9
U42e01362cd40129e8ecf6e03b23c5eeb,9
U563531cf586d5b3e8ca117a0819bc44b,9
Ufb1b8b60eaebfaa03bf00a886178b93e,9
U08224d14cbe493a7918bf54312485a6f,9
U7a92d900466bb6e2f04a4014c2d3c58e,9
Ud873299a0a50294c4a47ddbd1d89c528,9
Ud5749663a4f23ad656c7e23c3feaf3b5,9
U33f5f1517452c987f6e902fd228db9bd,9
U37e9aa1f023df0b341daf60b746e44e7,9
U2994f98152510b47cefa327d07922ab3,9
U68348ad3a0dad12699b98c24517e91ee,9
U2de681d9b7a60526ac8e7f95bfd1547f,9
U1cb957127aaf7854a598abc9aa2e440a,9
U4c5a66351e4c0efefc5181c551dfc751,9
U177e9b1b83c7052932f6a34b0063b25c,9
Ua72301053ac62d3d08875da78e02a0a9,9
U0d650d9d43963e399331293228a407ac,9
Ued61818c88990cfacddaaf5b9bcfa2d8,9
U26bc7d169fa4908b940230c238a36a6a,9
Uf261b64fbd986d73989d451d6d347ca6,9
Ub6f8fa2feb074969cde631ea2466a28d,10
U13cadb9a5d3a22f9b1eda9ad28437521,10
U2c2b44ce46be57051336da7fc65b5f3b,10
U205e85c843ad669837e52e8c98e0f2d7,10
U235bb7cc82fb99a4f8ad4e8bae5289a8,10
Ub5d662ad08ab161f74ecf3ec50f1ef51,10
U5e20777b80fba3884819dc5560466ad8,10
U37139d7f2b321e824dcb7aad0689bc69,10
U3af40831eefe0b4892e3eeec75910c36,10
U038546aec21df9be28fc515244e058b9,10
U12e02cebfb76114b8b84d6a0b0a51598,10
U7f0298f76c261277607aa76413cec46f,10
U2519837cce8b1bd57966301f79e4a5d2,10
Uc9d1dde8843245450c5d7c0be893209f,10
U5f51a15dfe512373e73a43fd1461f75b,10
Uf04c58f32f673514fb81373ab33666e4,10
Ua4572e0e725428e9a3eff07feefafe2b,10
Ube7fb4ed59e76e11dca88768bf49cde8,10
U0ea5e1fe4f2fdd0cb92219b8f983a71c,10
Ud74f23f675177a8479970a82bf68617c,10
U40597fd11b75b2e53329aca4683a710d,10
U0d0b1767f956f67dcb64dd82f2c84b12,10
U8407b5e1a060e7fdb5f893f7a6db7e67,10
U161b1236b2f5b911c32f7b4e5353c9a0,10
Ubbe8ee5aab3d5adf9f0690a588f1dc67,11
Uf63ee2c3805b3ba5704bcd28a5487a48,11
U7bcefa22868f909c93b8b5c2f5b9041a,11
U1935923fb998c1cd4f946ef71b9ec483,11
Uca39203c8322334a7b2efc902abf1d48,11
U0ef9e945ccfed5c2feefd599296a11b0,11
U3c0a1ba2f5f204ee0d2332b9e0d1d779,11
U691bf732c6b5abcd7112b5f76cec3b73,11
U15933004597ae06e8e85f67d47c30365,11
U218879c4c1a9d9caa109dbf7b7085fb2,11
U152526a92e2e473db9950fc3c286eb3d,11
U982c28fdcd05a0abe280f51d402b9b9d,11
U0c378eefa3f5d3d77332826741be4388,12
U2913335cc22c820d6bf1b8d3dd809ac3,12
Ua6a734be9938886cc0f74425e05150f4,12
U80625fad1698e7fb26a41bd2d8051426,12
U950b41feb5bbd180bae6265422240af9,12
Ubefc5b25d835d2cc597705d24f1fc534,12
Uc7c4ccd9da8e36daf1f830484147f56d,12
U8b90470329e437d5e27ef233691fcdda,12
U526c3e7fd191fdce7984e3867d4f6a8e,12
U89b982c194ea28e603e256408c08a7eb,12
U684b02202ed82a08f3b34f6db773d0d6,12
Ud6a024ea1c6584b29ff9b4fe38519ba3,12
U49e94553e5e1252185ccaf00c4b13ca5,12
U8f8e7174c070edae028eb175db25780b,12
U6db7a1afb3b92d5ac23eb9d7b021a36b,12
U0a3678d36a576d19a49aee877f15dc26,12
U581a516819247e72c405fc875f58d40d,12
U23ac6f81d123973ec58bdf1dfe98d99b,12
U6e0b33c6d9360ff7a2741f3cd7559ebd,12
U0ff3066a634170850607c2b047aaeb41,12
Ubd95383319cb4722bbd398ff2e93b686,13
Ub0248aa0d020a417e1c9875f6a54dce8,13
U06eff062547e8094383e76374018509e,13
Ued99c6085fa95a00effd8cd3ec326839,13
Ud4c6af9132ad5ef486b582741da9902f,13
U7e1fccbc3202984ab57960bbe550031f,13
U9b1a3e608e21bcf3986e9250601e333b,13
Ua82b4a52374178853353b36b5cfac007,13
Ucc820849baece23e6c69efc35d65356f,13
Uc44fc601da14cf8ca781b47744ead7bf,13
Ud98bcb9af3074c987257001ab0ccbeb0,13
U0cebc0546c3d9c104b190650ee5ee6c9,13
U3e97abc97191e5c309ea607e48573f6f,13
U537db6aa0c9cb8199352e9d8c852d578,13
U57e11915256ccd4a9e18db74a415069e,13
Uaccce8aa60a37c44e90427fd1b4b489a,13
Ue70804ab009dcbd8ec33d8e7ce0fb3a2,13
Ueee3d284ce4cee11b432e9f161fa208c,14
Udabdd7bffc88ec454b1d457ffa026e60,14
Ud7da8f00b6e6688d5848b55290ed0814,14
Ufc20001da0814f6bcfbd13f9b18cc486,14
Ubcdfffab7514ba2c7c842b2deb225ea0,14
Uf9601673e030eed4aefb65bb9f95fab5,14
Uca14e5eb54cd7ceb7f88daf5aa63ff55,14
Ub0dfb332c37ff239e2f82c2cf06e8da0,14
Ue974b565d6976eb616540e13b49ba819,14
U5e78251e36aa60b2e8765349fe466b85,14
U7399c2b78ec83a209df79b3c483cffea,14
U0ec2821fbf946f23238c46dbbd317814,14
Ubf04923dcd6973801dae9ec57de7e360,14
U25fb35b8edb0e613112c8349f30c88ed,14
Uc976b24e93e39a04ee9c31dc33081859,14
U0d0f253ea69211a336320dff3b3fe61b,14
U044e35a1d0a65f73de711616e139b4d0,15
U19d83bcfcb4d4652160402ae7370d9b8,15
Uf06fc665e90922942e0c43ae7df55e7a,15
U4c24c930b66e8a9815c68c022ab064d6,15
U1522efa333513c05f28e980d60ab9b2b,15
U75a35e0489e797b7c8fd4e7414e2f12b,15
Ua2a4ee0788ccf23d5efccb4eedd05ff3,15
Uccd9d6a95d52f52c16c45210711e70ad,15
U3b4f82e7e49b39e5b96dda27f4f1eb85,16
U50c1f8b993c56e4c79a9c28daaa79dc3,16
Ufccca2ffea765a089e463051764778e4,16
U1e0253482c188884b7629a97249fa430,16
Uc366043de1a80a602cbaf66cd8461096,16
U89c7801aa08bc11b57687f4d198a2e98,16
U389f1f08845ba00f095c68d368c5f5cd,17
Ud69934b1f057fb39cfc3920d33ed6285,17
U4af319973e34f5e0c50a69476037e5f4,17
Ucf58f665b7b9ad4f58d586e88c9c1f03,17
U98a7140e6d0d6a7292de2061a113d58d,17
Uac9ea83ea07123446b73ffab95ecb8f5,17
U6b30171d356e654c3e0100b175a5cc9f,17
U75fd1dd7d131a1e74663c63a37cc7a4b,17
U3616e7ee0ca19e26d59b04792662f93d,18
Udbc695467a85ffda5df29451933269ae,18
U42bb201967af86bf5f99538a85205a39,18
U4352d65fae95894992a2ec17a0c1f40d,18
U02f2e2d408aca683e932f136bf70b58d,18
U29acab6b7604f6e87825297787285c0b,18
Ud71cfcbea54b8537f2258266f1172fb3,19
U74a65d2399f292817c59a37acf340b26,19
U5335990cd8e8b2e7f5a966f693718b6d,19
U07767c8346abbd58f62c2d768e70fa34,19
U020ef3d4362eab573e5d02e4b3164810,19
Udab31f6b89069dc1c398fa4dd1bb43da,19
Ud5a35a355310672d1a58fd5a76be48a4,20
Ue02ab035ecca6194822494159c8be5ca,20
U909bcc4156e67b223afdd3691d885a05,20
Ucc94be2ea241ff09d80ee1a8282da57e,20
U9e67b70c5207fa02ec64dac176bd69de,20
U4c1218247e04b798603f8e5a48896cb1,20
Ue41c07943241490797bb462a64129f07,21
U512b9c0602c03b0fae9ede7b36d4f864,21
Ub3252444cfe653d68fa56649748ceb0d,21
U0d79e193e785f636d33cb744fefe061a,21
U8c9e523f2b955dad8719315412a3f069,21
U3640fda163f470304e7607afc8c74345,21
U948e08e7b3374b40e1b34e67bab172d9,21
U101173e7172df6ec7a8025c8edb8077b,22
U2df68dc92c604a389eb31aebedc175c9,22
U6b750c7ae7fe63133031aede7410fa81,22
U42312040fbbfdafa1b6fd0f1601d77e6,22
Ua1e2980d51b9d59eb16968691d68598c,22
U4fe0cb2f5e0da8d53039a9071d1ed10f,23
Uebf26d3409b3d9e20c2eee264adf43c7,23
Ucf3ad5436744cefbfaa5c20e1a2a7d64,23
U3eda85924d6e9216498c23b0c916725c,23
Uf8201113638f3331d1ac2a7e25b950ff,24
Uc50e635424d58ee5c26b1c196e89aac8,25
Ud92381a35f807680c8a66ef35b2b16b8,25
Ue2c6b600d8952ea0c0a9d4054db65f54,25
Ud1b970c28f3a1674280cfd02384ad360,26
U0145389c03c9f9de9384427f58271080,26
Ua39c4e026f889bbc82b2d73dd1724674,26
Ud08b02f45b38fa742b323cc82f2475ef,26
U17c11c8e080cd8db2328ef5a5e94f8c3,26
Uf43b5484bc01c6e2ed2b240f5c68478e,26
Ucfc98d93269c9c0089405f9abbfc2865,26
U6cd7d2defaf2076fdd2e76df74123dc2,26
Uc9a551d9f1e82bf36d7cf175ae2b879c,27
U5dcedf49dfbc785e9022c64844edb923,28
U7360eeea49c8e5282b2decc13f2b4596,28
Ubec84802c6194e743c2119d18a0bd0cc,28
Uf1504dc0572cc261bcac13d8ce952cf9,28
Ue07b1ac981b526f4748f6555028bda5d,28
Ue206f186d25ae884b60df2016c9af8a8,28
U0f0dc2433fdbdd6ad8b9beddea980429,29
U442faea3e1e7e000cd0fcb0e77541026,29
Ue62bf0376c4b512abd3bb94bacc151fa,29
U58c7c6b0d817e4eb5a58cf2c6bde1113,29
U1790fc36f1a43ef5c0ac24c4be5d3bf0,30
U5c1be765225e94668f295fa48bbda50f,30
U22a559934af317147876fcd65d1a44eb,30
Uc27b2951c27711fd9b403a6e180ca2da,30
U835ff6c7d47cf49679b079f39cd4d162,30
U657c3132f811929a3e622c8fa25505d4,30
Uf73b28fb3587aa9d79f6d8cd7deae51f,30
Ua031d6b84f94a1317a2442b76e473434,31
U72e554286b6df78c90b7790dfe3c6e9d,32
Ub5a667edd7b7f686f1bfecb36e3ac781,33
Uc8556f015749397030614e3fbd669089,33
Uea67bf579ea0bc8ed7dbce903944407f,33
U189e80ceb760ec0ede702ba3a76391cb,34
Uadb73f666103f1c45b294d5aa18e6663,34
Ubb140e97f0109fb30ce8410c484a12dc,34
U9f150221e75f6cd4c293bed84ff9b474,35
Ud353331c71f79b188526ebeec0650595,35
U2972e25d29795a144931dedacc08666d,35
U6552c760f234fcd0d782296f766d07a8,35
Uf826f77a5281293350f14c5b1acf05ff,35
Ue9bd2d14077c2e0fdcb779bca371fcbd,35
U8c972e5001a0c025e5d5ff95569a3fa2,36
U1d254d948caee74881f312ef7e1e3616,37
Ua7798d25b244fef9b609bf14ec53a929,37
U81cd8e6e7888fbc0608e3b07ddf8c0dd,37
U3e2ac0f8d55c54718e67fa8ec5ef4ffe,37
Ud1a16a93f801d53c981678c31a58928b,38
Ubb7d6ffa74263a82960b48b8409a6c2f,38
U93ea9db81a8f2dfb47248db9391ebd35,38
Ucf78e3cd056985b48dd90de016a27000,39
Ueac2e47941a95d948acd9a4413998c30,40
U2a884aeb2d8e16efc8868a9cd5fbe7ee,40
U2268019d3b28c16a6ccb9e8809c9dff6,40
Uc86b09f764e9dd88c1096cf9dcdc9a46,40
U82d6c920059ffcf2f6cbbe8b66e47eb6,40
Ubbee60322f58683e4db72fd4e8fb5e21,41
U1f238bb1ee656d127e28c66e2897e296,41
U979488fa8afa70d10f7f46c2d3437dd0,42
U167eac32e2f64b7a8cd9c6b6212c29d6,43
Uffbd0b5e369239e20351309708433c54,43
Ubcb2e18a0718f35b19a9d200fefd9d0e,43
Uaf903a5a12723358fb7d37e10c21756b,43
U4b0718998611ae6ae6c8b93bd27d37b2,44
Uab94718ab7a8e7f7da6ae4d9f31b6536,44
Uabc851bdf01980bd2759c191832eba47,44
U161b938fbec3e0ba362fc1af73e9d21a,44
Ue108e0b96298e29fde6539dfb24a82b0,44
Ufb9252377b4d6503feccc8a3e81e2cac,44
U46a0b6d9312c82a8e962dfdb5a6aca83,45
Ub7e40e2e2aeaaa11a96275fff0cc5f4c,45
Ucdf800cfe7365dc0487a275cf3b4c92e,45
U02792da68c2bc453ebdd8bfd5c844f2a,47
Uaf2d123301ed12d5221302b652b375e5,47
U5fa44b85fe922f13013ff2318cded1dd,48
U9f6718cc5943592c37e97b88d7a39e70,48
U699bf8d325ecf8e1162057cae6615768,48
Ud3f48fdafb42d83d7f4870dbc270b46f,49
U0d690c0cd6372b70136828c52bcf4da4,50
U3d65738c043fc0b56661afe29b4a8e5b,50
U33bc51e0c7c0f6ff2e595e2bacd1d080,50
U3ef90b801bedfbf03b01a59b23ba57f7,50
U9af1531f21a5add9783d3da111c8edc9,51
Ufdf2e3dfc5f0ed8ce75082aee2856808,51
U26e02bb6925abe3e044e0d5a4095feb2,51
Ubd36536b1a2d96580460ff23d1ca8117,54
Uc4c4fec95f280935bce5ea3c985e410e,54
Uc93f11f9c89a80607f935d2e2eb4cc61,55
Ue2a3658c997dd55c23c2be92f7014396,57
U23924a6cf059d4e5dae2e437b7d16727,57
U90e02a9f07732f694c12735e3f98aa29,58
Ubff3169f03d8508e02aee8094557dd8c,59
U9248cde5c636bdb1582a3ebef5aac38f,59
U68052e25403ee9c93fa25692300fec66,59
U9842815ee0faaab9105c7c3b8db9827b,59
U1dba9946a740ed089b6ab20b0b09c43d,60
U0db1775c40116ef1bd3915fad8a4252a,61
Ua20b88b413f2d9f338ceb9b8ab7875e8,61
U0d1ebf4300cad11c485b94796c9ba6f9,61
U1a1cdf1fa20c8627b97a594d23062693,62
U905bb44ba31cdd198c0f257fde8c9e77,62
Uddfabcd827e90bbd4c07e1ee675440f4,62
Uf4d3736cda31034ae07d97816e77915d,62
Ue63f089b914b6abe27f6c52279b89d1c,63
U53231d0b88359f3dc9b6b8ad70dfa543,63
Ubf111529a2b50dae88075d48463619fd,65
U083549d2452c6637693165bf8f7bd976,65
Uce92ce011a2f255a61be9b2bec07973c,65
U370f6aca2edde4a2eb29e120f3c8fb05,66
U85521a025cbc7cf95d11bd57f4f4ab1b,67
U8347a2c2892858036c56f5e4a5cee6a6,68
U4831860d0325d940207368dc3caee535,69
U2404d566815f9cb2b018c91e42e765e9,69
U5b067c4018bd3863969b46db3448a67b,71
U4c097001fb44e773d9e91006d2bec2a1,73
Uee1c5cc7dd785650a90756402802bb0f,74
U618375104c8db869043eb36d06166784,74
U98bd7f050b7488dd3f9a9a3eeb509185,76
U654b03b96e154f5fb8b5e71c2e8f5c42,76
Ue915ecd747c1cf2c44f7f53dcc97a72d,76
Udf4f45a263f184742ef9b23b4449f4f0,77
U7fa2b41558d53f02f171767fe8d6d1bc,79
U5cca430587df2cd3c552b562b4f85643,80
Ufcf72baea534602da82b985f72cef892,82
Uc33577b3f5291feb686e75d282c90cbc,82
U05aa23f8063f034d7c1bdd4b1ef7c673,83
U246a76be400a593efdfc417cdce4ec52,84
U10362738b33e62d01fa50796c3d28bac,85
U6cd1e3acf92e51084a18da6fa30c4b13,86
Uee14c7bfb29b98ed10cc30cc750db6bf,86
U982abe0f11eea5d21ad088c5d6c9c106,87
U10151c280f29fa03c268ac234efbd116,90
Uab4f0d5f4d3799d9ea52577fd9fd0de0,91
U7be09c6471be7ff8c92a0fce5fc49f81,93
U57910b43182a01296dc1f81888ad05c2,95
Ufd852978e24c8facbaf7d9a4dd5390e2,98
Uc2f0bbe7e221b7013cf1444fb2028795,103
Uab80b3dcdcf4a2e1718a65b46cb72c6a,103
U3fc34ca06fbcabfd700f11cdd6817b95,103
Uc6f05247d856246382f7d7e94e0ce9c6,105
U2ac0d7d30242602b16de41a12d23f92f,107
U1c647c2e6538ee8161fac887e681c869,113
Ua0102c71fa7d77415461db01dde3df30,117
Uf1f47977ad32321e6a7a731204af73ab,121
U900f18d6f6152fcbf95f48a7ea7586a5,131
Udca41ceafdbac156756e9c63042a29b9,132
U95d99b337368de12161d25a5c0db38f5,133
U06ab3315fe071ada820ee7eb1f48801f,133
U1a4f7abf983e15b50910ccffbf032638,135
Uccf4290961849b162698dafff0b85334,144
Ub7aa804813ce43b12a1b5578031ea481,148
U4fb12197db98ddedc2d70b16f4a478bb,154
Ufab563217b822fee6905284211e1b3b9,161
Udbb227d6e6916a83bce7744558f45525,164
U792f0502d9aa63cb41dd777e464da3a9,164
U4aa4a2b9ac2cc3218ab43f74c845e5f8,167
U6e26cd175a52230c6ba3588ee7ce0ffc,169
Ubad1f4b320d8a7b4403100cf6a367932,170
U824c83b39b4e7e86c6d0fac318c608fb,178
Uce076596db67f20cb26ab9709fdb701a,183
U82dde62a1d8b556d9341a2d6470563d8,186
Ud350fcf2b8bfed19fa7cb441c127457f,202
U5c0831371a51b2f5071af9b1c9623966,206
U263e5233e48479af6198f35f206afbad,214
U8f02f7bcd753fc1122e0aac2a6501042,216
U19df715096e7b6fa0af1bd764e08472f,218
U5e6784a4f8ec807adc32d8ee93273cef,219
Ud8299a4d907bb89f0b1a416b6954ee7a,219
U474a82bca1d0469436ece90be5eecad3,220
Uf8c2cd686c0ac50496bd8ec461333810,222
U42148360626cd627b4469c1ac1c07eb8,223
U959b776fb12e9c1c83fa42989095c633,229
U599d7438cb815335f65124fa78cd50ac,235
U508521c7172186b44bddb73317b2d2db,235
U88bf84c6287c29671dcc257f63b186df,239
U3aee4883e7130f9da453ef84b85d6d59,239
Uf0b83340a957422fd5564b7144676c51,248
U7df6fde6f7bace22f7ef620856ac26d8,257
U593805ee40ac8929a6d1a3df3a10b633,262
Ud3c5d3dcaa225a16682f0a5738b92608,282
U4ebd577e12188bbe409a6a9ca56130e3,297
U1916f4a655e45aa219cb17b78595f6f9,304
U2016756d65f737d4e4496ac4788ad9fc,310
U1e28dfc1215819e18d7b3ae29ad26fe5,347
Ud8fc88887d9448fc6608c2ecb196ec1d,442
U230580bb92be067cff20720f7d3cd6aa,474
U9bf4c1360b95b3ef15955fda15e9abb7,483
U51ac6ac97d38e4bb1acd809ee783f2c0,485
Udb825b983ae91414b58adf19d67dfd9d,498
U588109f72745c7781343da0afc25d83d,561
